(node:13972) [MODULE_TYPELESS_PACKAGE_JSON] Warning: Module type of file:///Users/david/dev/game-battle-model-quality/packages/soldier-assets/src/soldierMesh.ts is not specified and it doesn't parse as CommonJS.
Reparsing as ES module because module syntax was detected. This incurs a performance overhead.
To eliminate this warning, add "type": "module" to /Users/david/dev/game-battle-model-quality/package.json.
(Use `node --trace-warnings ...` to show where the warning was created)
PASS  heavy-kit: heavy-kit candidate is manually inspectable for its declared classes  ({"catalog":"http://localhost:5174/assets/soldiers/candidates/heavy-kit/catalog.json","assets":[{"id":0,"name":"heavy-kit","presentation":null,"bones":26,"triangles":[85652,85652,85652],"clips":[{"name":"bend","duration":2,"loop":false},{"name":"bend-pronation","duration":2,"loop":false},{"name":"pronation","duration":2,"loop":false},{"name":"ready","duration":1.2000000476837158,"loop":true},{"name":"run","duration":0.800000011920929,"loop":true},{"name":"walk","duration":0.8999999761581421,"loop":true}]}]})
PASS  heavy-kit: close/neutral/front: production weighted pose submitted  ({"sampled":{"clip":"bend","phase":0,"duration":2},"lod":{"skinned":1,"impostors":0},"palettes":[{"bones":26,"visible":1,"capacity":256,"snapshotCapacity":2,"snapshotBankCapacity":1,"residentSnapshots":0,"snapshotSlotHighWater":0,"allocatedBytes":748480,"uploadedBytes":80,"snapshotUploadedBytes":0}]})
PASS  heavy-kit: close/neutral/front: newly rendered frozen crop is byte-stable
PASS  heavy-kit: close/neutral/side: production weighted pose submitted  ({"sampled":{"clip":"bend","phase":0,"duration":2},"lod":{"skinned":1,"impostors":0},"palettes":[{"bones":26,"visible":1,"capacity":256,"snapshotCapacity":2,"snapshotBankCapacity":1,"residentSnapshots":0,"snapshotSlotHighWater":0,"allocatedBytes":748480,"uploadedBytes":80,"snapshotUploadedBytes":0}]})
PASS  heavy-kit: close/neutral/side: newly rendered frozen crop is byte-stable
PASS  heavy-kit: close/neutral/rear: production weighted pose submitted  ({"sampled":{"clip":"bend","phase":0,"duration":2},"lod":{"skinned":1,"impostors":0},"palettes":[{"bones":26,"visible":1,"capacity":256,"snapshotCapacity":2,"snapshotBankCapacity":1,"residentSnapshots":0,"snapshotSlotHighWater":0,"allocatedBytes":748480,"uploadedBytes":80,"snapshotUploadedBytes":0}]})
PASS  heavy-kit: close/neutral/rear: newly rendered frozen crop is byte-stable
PASS  heavy-kit: close/neutral/three-quarter: production weighted pose submitted  ({"sampled":{"clip":"bend","phase":0,"duration":2},"lod":{"skinned":1,"impostors":0},"palettes":[{"bones":26,"visible":1,"capacity":256,"snapshotCapacity":2,"snapshotBankCapacity":1,"residentSnapshots":0,"snapshotSlotHighWater":0,"allocatedBytes":748480,"uploadedBytes":80,"snapshotUploadedBytes":0}]})
PASS  heavy-kit: close/neutral/three-quarter: newly rendered frozen crop is byte-stable
PASS  heavy-kit: close/deep bend/front: production weighted pose submitted  ({"sampled":{"clip":"bend","phase":0.5,"duration":2},"lod":{"skinned":1,"impostors":0},"palettes":[{"bones":26,"visible":1,"capacity":256,"snapshotCapacity":2,"snapshotBankCapacity":1,"residentSnapshots":0,"snapshotSlotHighWater":0,"allocatedBytes":748480,"uploadedBytes":80,"snapshotUploadedBytes":0}]})
PASS  heavy-kit: close/deep bend/front: newly rendered frozen crop is byte-stable
PASS  heavy-kit: close/deep bend/side: production weighted pose submitted  ({"sampled":{"clip":"bend","phase":0.5,"duration":2},"lod":{"skinned":1,"impostors":0},"palettes":[{"bones":26,"visible":1,"capacity":256,"snapshotCapacity":2,"snapshotBankCapacity":1,"residentSnapshots":0,"snapshotSlotHighWater":0,"allocatedBytes":748480,"uploadedBytes":80,"snapshotUploadedBytes":0}]})
PASS  heavy-kit: close/deep bend/side: newly rendered frozen crop is byte-stable
PASS  heavy-kit: close/deep bend/rear: production weighted pose submitted  ({"sampled":{"clip":"bend","phase":0.5,"duration":2},"lod":{"skinned":1,"impostors":0},"palettes":[{"bones":26,"visible":1,"capacity":256,"snapshotCapacity":2,"snapshotBankCapacity":1,"residentSnapshots":0,"snapshotSlotHighWater":0,"allocatedBytes":748480,"uploadedBytes":80,"snapshotUploadedBytes":0}]})
PASS  heavy-kit: close/deep bend/rear: newly rendered frozen crop is byte-stable
PASS  heavy-kit: close/deep bend/three-quarter: production weighted pose submitted  ({"sampled":{"clip":"bend","phase":0.5,"duration":2},"lod":{"skinned":1,"impostors":0},"palettes":[{"bones":26,"visible":1,"capacity":256,"snapshotCapacity":2,"snapshotBankCapacity":1,"residentSnapshots":0,"snapshotSlotHighWater":0,"allocatedBytes":748480,"uploadedBytes":80,"snapshotUploadedBytes":0}]})
PASS  heavy-kit: close/deep bend/three-quarter: newly rendered frozen crop is byte-stable
FAIL  heavy-kit: snapshot shared/soldiers/heavy-kit/close  (454509 px differ (13.8705%) — see shots/diff/shared/soldiers/heavy-kit/close.png)
PASS  heavy-kit: gameplay-pitch/neutral/front: production weighted pose submitted  ({"sampled":{"clip":"bend","phase":0,"duration":2},"lod":{"skinned":1,"impostors":0},"palettes":[{"bones":26,"visible":1,"capacity":256,"snapshotCapacity":2,"snapshotBankCapacity":1,"residentSnapshots":0,"snapshotSlotHighWater":0,"allocatedBytes":748480,"uploadedBytes":80,"snapshotUploadedBytes":0}]})
PASS  heavy-kit: gameplay-pitch/neutral/front: newly rendered frozen crop is byte-stable
PASS  heavy-kit: gameplay-pitch/neutral/side: production weighted pose submitted  ({"sampled":{"clip":"bend","phase":0,"duration":2},"lod":{"skinned":1,"impostors":0},"palettes":[{"bones":26,"visible":1,"capacity":256,"snapshotCapacity":2,"snapshotBankCapacity":1,"residentSnapshots":0,"snapshotSlotHighWater":0,"allocatedBytes":748480,"uploadedBytes":80,"snapshotUploadedBytes":0}]})
PASS  heavy-kit: gameplay-pitch/neutral/side: newly rendered frozen crop is byte-stable
PASS  heavy-kit: gameplay-pitch/neutral/rear: production weighted pose submitted  ({"sampled":{"clip":"bend","phase":0,"duration":2},"lod":{"skinned":1,"impostors":0},"palettes":[{"bones":26,"visible":1,"capacity":256,"snapshotCapacity":2,"snapshotBankCapacity":1,"residentSnapshots":0,"snapshotSlotHighWater":0,"allocatedBytes":748480,"uploadedBytes":80,"snapshotUploadedBytes":0}]})
PASS  heavy-kit: gameplay-pitch/neutral/rear: newly rendered frozen crop is byte-stable
PASS  heavy-kit: gameplay-pitch/neutral/three-quarter: production weighted pose submitted  ({"sampled":{"clip":"bend","phase":0,"duration":2},"lod":{"skinned":1,"impostors":0},"palettes":[{"bones":26,"visible":1,"capacity":256,"snapshotCapacity":2,"snapshotBankCapacity":1,"residentSnapshots":0,"snapshotSlotHighWater":0,"allocatedBytes":748480,"uploadedBytes":80,"snapshotUploadedBytes":0}]})
PASS  heavy-kit: gameplay-pitch/neutral/three-quarter: newly rendered frozen crop is byte-stable
PASS  heavy-kit: gameplay-pitch/deep bend/front: production weighted pose submitted  ({"sampled":{"clip":"bend","phase":0.5,"duration":2},"lod":{"skinned":1,"impostors":0},"palettes":[{"bones":26,"visible":1,"capacity":256,"snapshotCapacity":2,"snapshotBankCapacity":1,"residentSnapshots":0,"snapshotSlotHighWater":0,"allocatedBytes":748480,"uploadedBytes":80,"snapshotUploadedBytes":0}]})
PASS  heavy-kit: gameplay-pitch/deep bend/front: newly rendered frozen crop is byte-stable
PASS  heavy-kit: gameplay-pitch/deep bend/side: production weighted pose submitted  ({"sampled":{"clip":"bend","phase":0.5,"duration":2},"lod":{"skinned":1,"impostors":0},"palettes":[{"bones":26,"visible":1,"capacity":256,"snapshotCapacity":2,"snapshotBankCapacity":1,"residentSnapshots":0,"snapshotSlotHighWater":0,"allocatedBytes":748480,"uploadedBytes":80,"snapshotUploadedBytes":0}]})
PASS  heavy-kit: gameplay-pitch/deep bend/side: newly rendered frozen crop is byte-stable
PASS  heavy-kit: gameplay-pitch/deep bend/rear: production weighted pose submitted  ({"sampled":{"clip":"bend","phase":0.5,"duration":2},"lod":{"skinned":1,"impostors":0},"palettes":[{"bones":26,"visible":1,"capacity":256,"snapshotCapacity":2,"snapshotBankCapacity":1,"residentSnapshots":0,"snapshotSlotHighWater":0,"allocatedBytes":748480,"uploadedBytes":80,"snapshotUploadedBytes":0}]})
PASS  heavy-kit: gameplay-pitch/deep bend/rear: newly rendered frozen crop is byte-stable
PASS  heavy-kit: gameplay-pitch/deep bend/three-quarter: production weighted pose submitted  ({"sampled":{"clip":"bend","phase":0.5,"duration":2},"lod":{"skinned":1,"impostors":0},"palettes":[{"bones":26,"visible":1,"capacity":256,"snapshotCapacity":2,"snapshotBankCapacity":1,"residentSnapshots":0,"snapshotSlotHighWater":0,"allocatedBytes":748480,"uploadedBytes":80,"snapshotUploadedBytes":0}]})
PASS  heavy-kit: gameplay-pitch/deep bend/three-quarter: newly rendered frozen crop is byte-stable
FAIL  heavy-kit: snapshot shared/soldiers/heavy-kit/gameplay-pitch  (302842 px differ (9.2420%) — see shots/diff/shared/soldiers/heavy-kit/gameplay-pitch.png)
PASS  heavy-kit: head-detail/neutral/front: production weighted pose submitted  ({"sampled":{"clip":"bend","phase":0,"duration":2},"lod":{"skinned":1,"impostors":0},"palettes":[{"bones":26,"visible":1,"capacity":256,"snapshotCapacity":2,"snapshotBankCapacity":1,"residentSnapshots":0,"snapshotSlotHighWater":0,"allocatedBytes":748480,"uploadedBytes":80,"snapshotUploadedBytes":0}]})
PASS  heavy-kit: head-detail/neutral/front: newly rendered frozen crop is byte-stable
PASS  heavy-kit: head-detail/neutral/side: production weighted pose submitted  ({"sampled":{"clip":"bend","phase":0,"duration":2},"lod":{"skinned":1,"impostors":0},"palettes":[{"bones":26,"visible":1,"capacity":256,"snapshotCapacity":2,"snapshotBankCapacity":1,"residentSnapshots":0,"snapshotSlotHighWater":0,"allocatedBytes":748480,"uploadedBytes":80,"snapshotUploadedBytes":0}]})
PASS  heavy-kit: head-detail/neutral/side: newly rendered frozen crop is byte-stable
PASS  heavy-kit: head-detail/neutral/rear: production weighted pose submitted  ({"sampled":{"clip":"bend","phase":0,"duration":2},"lod":{"skinned":1,"impostors":0},"palettes":[{"bones":26,"visible":1,"capacity":256,"snapshotCapacity":2,"snapshotBankCapacity":1,"residentSnapshots":0,"snapshotSlotHighWater":0,"allocatedBytes":748480,"uploadedBytes":80,"snapshotUploadedBytes":0}]})
PASS  heavy-kit: head-detail/neutral/rear: newly rendered frozen crop is byte-stable
PASS  heavy-kit: head-detail/neutral/three-quarter: production weighted pose submitted  ({"sampled":{"clip":"bend","phase":0,"duration":2},"lod":{"skinned":1,"impostors":0},"palettes":[{"bones":26,"visible":1,"capacity":256,"snapshotCapacity":2,"snapshotBankCapacity":1,"residentSnapshots":0,"snapshotSlotHighWater":0,"allocatedBytes":748480,"uploadedBytes":80,"snapshotUploadedBytes":0}]})
PASS  heavy-kit: head-detail/neutral/three-quarter: newly rendered frozen crop is byte-stable
FAIL  heavy-kit: snapshot shared/soldiers/heavy-kit/head-detail  (528448 px differ (32.2539%) — see shots/diff/shared/soldiers/heavy-kit/head-detail.png)
PASS  heavy-kit: hand-detail/neutral/front: production weighted pose submitted  ({"sampled":{"clip":"bend","phase":0,"duration":2},"lod":{"skinned":1,"impostors":0},"palettes":[{"bones":26,"visible":1,"capacity":256,"snapshotCapacity":2,"snapshotBankCapacity":1,"residentSnapshots":0,"snapshotSlotHighWater":0,"allocatedBytes":748480,"uploadedBytes":80,"snapshotUploadedBytes":0}]})
PASS  heavy-kit: hand-detail/neutral/front: newly rendered frozen crop is byte-stable
PASS  heavy-kit: hand-detail/neutral/side: production weighted pose submitted  ({"sampled":{"clip":"bend","phase":0,"duration":2},"lod":{"skinned":1,"impostors":0},"palettes":[{"bones":26,"visible":1,"capacity":256,"snapshotCapacity":2,"snapshotBankCapacity":1,"residentSnapshots":0,"snapshotSlotHighWater":0,"allocatedBytes":748480,"uploadedBytes":80,"snapshotUploadedBytes":0}]})
PASS  heavy-kit: hand-detail/neutral/side: newly rendered frozen crop is byte-stable
PASS  heavy-kit: hand-detail/neutral/rear: production weighted pose submitted  ({"sampled":{"clip":"bend","phase":0,"duration":2},"lod":{"skinned":1,"impostors":0},"palettes":[{"bones":26,"visible":1,"capacity":256,"snapshotCapacity":2,"snapshotBankCapacity":1,"residentSnapshots":0,"snapshotSlotHighWater":0,"allocatedBytes":748480,"uploadedBytes":80,"snapshotUploadedBytes":0}]})
PASS  heavy-kit: hand-detail/neutral/rear: newly rendered frozen crop is byte-stable
PASS  heavy-kit: hand-detail/neutral/three-quarter: production weighted pose submitted  ({"sampled":{"clip":"bend","phase":0,"duration":2},"lod":{"skinned":1,"impostors":0},"palettes":[{"bones":26,"visible":1,"capacity":256,"snapshotCapacity":2,"snapshotBankCapacity":1,"residentSnapshots":0,"snapshotSlotHighWater":0,"allocatedBytes":748480,"uploadedBytes":80,"snapshotUploadedBytes":0}]})
PASS  heavy-kit: hand-detail/neutral/three-quarter: newly rendered frozen crop is byte-stable
FAIL  heavy-kit: snapshot shared/soldiers/heavy-kit/hand-detail  (819777 px differ (50.0352%) — see shots/diff/shared/soldiers/heavy-kit/hand-detail.png)
PASS  heavy-kit: garment-poses/ready/front: production weighted pose submitted  ({"sampled":{"clip":"ready","phase":0,"duration":1.2000000476837158},"lod":{"skinned":1,"impostors":0},"palettes":[{"bones":26,"visible":1,"capacity":256,"snapshotCapacity":2,"snapshotBankCapacity":1,"residentSnapshots":0,"snapshotSlotHighWater":0,"allocatedBytes":748480,"uploadedBytes":80,"snapshotUploadedBytes":0}]})
PASS  heavy-kit: garment-poses/ready/front: newly rendered frozen crop is byte-stable
PASS  heavy-kit: garment-poses/ready/right side: production weighted pose submitted  ({"sampled":{"clip":"ready","phase":0,"duration":1.2000000476837158},"lod":{"skinned":1,"impostors":0},"palettes":[{"bones":26,"visible":1,"capacity":256,"snapshotCapacity":2,"snapshotBankCapacity":1,"residentSnapshots":0,"snapshotSlotHighWater":0,"allocatedBytes":748480,"uploadedBytes":80,"snapshotUploadedBytes":0}]})
PASS  heavy-kit: garment-poses/ready/right side: newly rendered frozen crop is byte-stable
PASS  heavy-kit: garment-poses/ready/rear: production weighted pose submitted  ({"sampled":{"clip":"ready","phase":0,"duration":1.2000000476837158},"lod":{"skinned":1,"impostors":0},"palettes":[{"bones":26,"visible":1,"capacity":256,"snapshotCapacity":2,"snapshotBankCapacity":1,"residentSnapshots":0,"snapshotSlotHighWater":0,"allocatedBytes":748480,"uploadedBytes":80,"snapshotUploadedBytes":0}]})
PASS  heavy-kit: garment-poses/ready/rear: newly rendered frozen crop is byte-stable
PASS  heavy-kit: garment-poses/ready/three-quarter: production weighted pose submitted  ({"sampled":{"clip":"ready","phase":0,"duration":1.2000000476837158},"lod":{"skinned":1,"impostors":0},"palettes":[{"bones":26,"visible":1,"capacity":256,"snapshotCapacity":2,"snapshotBankCapacity":1,"residentSnapshots":0,"snapshotSlotHighWater":0,"allocatedBytes":748480,"uploadedBytes":80,"snapshotUploadedBytes":0}]})
PASS  heavy-kit: garment-poses/ready/three-quarter: newly rendered frozen crop is byte-stable
PASS  heavy-kit: garment-poses/walk first contact/front: production weighted pose submitted  ({"sampled":{"clip":"walk","phase":0,"duration":0.8999999761581421},"lod":{"skinned":1,"impostors":0},"palettes":[{"bones":26,"visible":1,"capacity":256,"snapshotCapacity":2,"snapshotBankCapacity":1,"residentSnapshots":0,"snapshotSlotHighWater":0,"allocatedBytes":748480,"uploadedBytes":80,"snapshotUploadedBytes":0}]})
PASS  heavy-kit: garment-poses/walk first contact/front: newly rendered frozen crop is byte-stable
PASS  heavy-kit: garment-poses/walk first contact/right side: production weighted pose submitted  ({"sampled":{"clip":"walk","phase":0,"duration":0.8999999761581421},"lod":{"skinned":1,"impostors":0},"palettes":[{"bones":26,"visible":1,"capacity":256,"snapshotCapacity":2,"snapshotBankCapacity":1,"residentSnapshots":0,"snapshotSlotHighWater":0,"allocatedBytes":748480,"uploadedBytes":80,"snapshotUploadedBytes":0}]})
PASS  heavy-kit: garment-poses/walk first contact/right side: newly rendered frozen crop is byte-stable
PASS  heavy-kit: garment-poses/walk first contact/rear: production weighted pose submitted  ({"sampled":{"clip":"walk","phase":0,"duration":0.8999999761581421},"lod":{"skinned":1,"impostors":0},"palettes":[{"bones":26,"visible":1,"capacity":256,"snapshotCapacity":2,"snapshotBankCapacity":1,"residentSnapshots":0,"snapshotSlotHighWater":0,"allocatedBytes":748480,"uploadedBytes":80,"snapshotUploadedBytes":0}]})
PASS  heavy-kit: garment-poses/walk first contact/rear: newly rendered frozen crop is byte-stable
PASS  heavy-kit: garment-poses/walk first contact/three-quarter: production weighted pose submitted  ({"sampled":{"clip":"walk","phase":0,"duration":0.8999999761581421},"lod":{"skinned":1,"impostors":0},"palettes":[{"bones":26,"visible":1,"capacity":256,"snapshotCapacity":2,"snapshotBankCapacity":1,"residentSnapshots":0,"snapshotSlotHighWater":0,"allocatedBytes":748480,"uploadedBytes":80,"snapshotUploadedBytes":0}]})
PASS  heavy-kit: garment-poses/walk first contact/three-quarter: newly rendered frozen crop is byte-stable
PASS  heavy-kit: garment-poses/walk opposite contact/front: production weighted pose submitted  ({"sampled":{"clip":"walk","phase":0.5,"duration":0.8999999761581421},"lod":{"skinned":1,"impostors":0},"palettes":[{"bones":26,"visible":1,"capacity":256,"snapshotCapacity":2,"snapshotBankCapacity":1,"residentSnapshots":0,"snapshotSlotHighWater":0,"allocatedBytes":748480,"uploadedBytes":80,"snapshotUploadedBytes":0}]})
PASS  heavy-kit: garment-poses/walk opposite contact/front: newly rendered frozen crop is byte-stable
PASS  heavy-kit: garment-poses/walk opposite contact/right side: production weighted pose submitted  ({"sampled":{"clip":"walk","phase":0.5,"duration":0.8999999761581421},"lod":{"skinned":1,"impostors":0},"palettes":[{"bones":26,"visible":1,"capacity":256,"snapshotCapacity":2,"snapshotBankCapacity":1,"residentSnapshots":0,"snapshotSlotHighWater":0,"allocatedBytes":748480,"uploadedBytes":80,"snapshotUploadedBytes":0}]})
PASS  heavy-kit: garment-poses/walk opposite contact/right side: newly rendered frozen crop is byte-stable
PASS  heavy-kit: garment-poses/walk opposite contact/rear: production weighted pose submitted  ({"sampled":{"clip":"walk","phase":0.5,"duration":0.8999999761581421},"lod":{"skinned":1,"impostors":0},"palettes":[{"bones":26,"visible":1,"capacity":256,"snapshotCapacity":2,"snapshotBankCapacity":1,"residentSnapshots":0,"snapshotSlotHighWater":0,"allocatedBytes":748480,"uploadedBytes":80,"snapshotUploadedBytes":0}]})
PASS  heavy-kit: garment-poses/walk opposite contact/rear: newly rendered frozen crop is byte-stable
PASS  heavy-kit: garment-poses/walk opposite contact/three-quarter: production weighted pose submitted  ({"sampled":{"clip":"walk","phase":0.5,"duration":0.8999999761581421},"lod":{"skinned":1,"impostors":0},"palettes":[{"bones":26,"visible":1,"capacity":256,"snapshotCapacity":2,"snapshotBankCapacity":1,"residentSnapshots":0,"snapshotSlotHighWater":0,"allocatedBytes":748480,"uploadedBytes":80,"snapshotUploadedBytes":0}]})
PASS  heavy-kit: garment-poses/walk opposite contact/three-quarter: newly rendered frozen crop is byte-stable
PASS  heavy-kit: garment-poses/run first contact/front: production weighted pose submitted  ({"sampled":{"clip":"run","phase":0,"duration":0.800000011920929},"lod":{"skinned":1,"impostors":0},"palettes":[{"bones":26,"visible":1,"capacity":256,"snapshotCapacity":2,"snapshotBankCapacity":1,"residentSnapshots":0,"snapshotSlotHighWater":0,"allocatedBytes":748480,"uploadedBytes":80,"snapshotUploadedBytes":0}]})
PASS  heavy-kit: garment-poses/run first contact/front: newly rendered frozen crop is byte-stable
PASS  heavy-kit: garment-poses/run first contact/right side: production weighted pose submitted  ({"sampled":{"clip":"run","phase":0,"duration":0.800000011920929},"lod":{"skinned":1,"impostors":0},"palettes":[{"bones":26,"visible":1,"capacity":256,"snapshotCapacity":2,"snapshotBankCapacity":1,"residentSnapshots":0,"snapshotSlotHighWater":0,"allocatedBytes":748480,"uploadedBytes":80,"snapshotUploadedBytes":0}]})
PASS  heavy-kit: garment-poses/run first contact/right side: newly rendered frozen crop is byte-stable
PASS  heavy-kit: garment-poses/run first contact/rear: production weighted pose submitted  ({"sampled":{"clip":"run","phase":0,"duration":0.800000011920929},"lod":{"skinned":1,"impostors":0},"palettes":[{"bones":26,"visible":1,"capacity":256,"snapshotCapacity":2,"snapshotBankCapacity":1,"residentSnapshots":0,"snapshotSlotHighWater":0,"allocatedBytes":748480,"uploadedBytes":80,"snapshotUploadedBytes":0}]})
PASS  heavy-kit: garment-poses/run first contact/rear: newly rendered frozen crop is byte-stable
PASS  heavy-kit: garment-poses/run first contact/three-quarter: production weighted pose submitted  ({"sampled":{"clip":"run","phase":0,"duration":0.800000011920929},"lod":{"skinned":1,"impostors":0},"palettes":[{"bones":26,"visible":1,"capacity":256,"snapshotCapacity":2,"snapshotBankCapacity":1,"residentSnapshots":0,"snapshotSlotHighWater":0,"allocatedBytes":748480,"uploadedBytes":80,"snapshotUploadedBytes":0}]})
PASS  heavy-kit: garment-poses/run first contact/three-quarter: newly rendered frozen crop is byte-stable
PASS  heavy-kit: garment-poses/run opposite contact/front: production weighted pose submitted  ({"sampled":{"clip":"run","phase":0.5,"duration":0.800000011920929},"lod":{"skinned":1,"impostors":0},"palettes":[{"bones":26,"visible":1,"capacity":256,"snapshotCapacity":2,"snapshotBankCapacity":1,"residentSnapshots":0,"snapshotSlotHighWater":0,"allocatedBytes":748480,"uploadedBytes":80,"snapshotUploadedBytes":0}]})
PASS  heavy-kit: garment-poses/run opposite contact/front: newly rendered frozen crop is byte-stable
PASS  heavy-kit: garment-poses/run opposite contact/right side: production weighted pose submitted  ({"sampled":{"clip":"run","phase":0.5,"duration":0.800000011920929},"lod":{"skinned":1,"impostors":0},"palettes":[{"bones":26,"visible":1,"capacity":256,"snapshotCapacity":2,"snapshotBankCapacity":1,"residentSnapshots":0,"snapshotSlotHighWater":0,"allocatedBytes":748480,"uploadedBytes":80,"snapshotUploadedBytes":0}]})
PASS  heavy-kit: garment-poses/run opposite contact/right side: newly rendered frozen crop is byte-stable
PASS  heavy-kit: garment-poses/run opposite contact/rear: production weighted pose submitted  ({"sampled":{"clip":"run","phase":0.5,"duration":0.800000011920929},"lod":{"skinned":1,"impostors":0},"palettes":[{"bones":26,"visible":1,"capacity":256,"snapshotCapacity":2,"snapshotBankCapacity":1,"residentSnapshots":0,"snapshotSlotHighWater":0,"allocatedBytes":748480,"uploadedBytes":80,"snapshotUploadedBytes":0}]})
PASS  heavy-kit: garment-poses/run opposite contact/rear: newly rendered frozen crop is byte-stable
PASS  heavy-kit: garment-poses/run opposite contact/three-quarter: production weighted pose submitted  ({"sampled":{"clip":"run","phase":0.5,"duration":0.800000011920929},"lod":{"skinned":1,"impostors":0},"palettes":[{"bones":26,"visible":1,"capacity":256,"snapshotCapacity":2,"snapshotBankCapacity":1,"residentSnapshots":0,"snapshotSlotHighWater":0,"allocatedBytes":748480,"uploadedBytes":80,"snapshotUploadedBytes":0}]})
PASS  heavy-kit: garment-poses/run opposite contact/three-quarter: newly rendered frozen crop is byte-stable
PASS  heavy-kit: garment-poses/deep bend/front: production weighted pose submitted  ({"sampled":{"clip":"bend","phase":0.5,"duration":2},"lod":{"skinned":1,"impostors":0},"palettes":[{"bones":26,"visible":1,"capacity":256,"snapshotCapacity":2,"snapshotBankCapacity":1,"residentSnapshots":0,"snapshotSlotHighWater":0,"allocatedBytes":748480,"uploadedBytes":80,"snapshotUploadedBytes":0}]})
PASS  heavy-kit: garment-poses/deep bend/front: newly rendered frozen crop is byte-stable
PASS  heavy-kit: garment-poses/deep bend/right side: production weighted pose submitted  ({"sampled":{"clip":"bend","phase":0.5,"duration":2},"lod":{"skinned":1,"impostors":0},"palettes":[{"bones":26,"visible":1,"capacity":256,"snapshotCapacity":2,"snapshotBankCapacity":1,"residentSnapshots":0,"snapshotSlotHighWater":0,"allocatedBytes":748480,"uploadedBytes":80,"snapshotUploadedBytes":0}]})
PASS  heavy-kit: garment-poses/deep bend/right side: newly rendered frozen crop is byte-stable
PASS  heavy-kit: garment-poses/deep bend/rear: production weighted pose submitted  ({"sampled":{"clip":"bend","phase":0.5,"duration":2},"lod":{"skinned":1,"impostors":0},"palettes":[{"bones":26,"visible":1,"capacity":256,"snapshotCapacity":2,"snapshotBankCapacity":1,"residentSnapshots":0,"snapshotSlotHighWater":0,"allocatedBytes":748480,"uploadedBytes":80,"snapshotUploadedBytes":0}]})
PASS  heavy-kit: garment-poses/deep bend/rear: newly rendered frozen crop is byte-stable
PASS  heavy-kit: garment-poses/deep bend/three-quarter: production weighted pose submitted  ({"sampled":{"clip":"bend","phase":0.5,"duration":2},"lod":{"skinned":1,"impostors":0},"palettes":[{"bones":26,"visible":1,"capacity":256,"snapshotCapacity":2,"snapshotBankCapacity":1,"residentSnapshots":0,"snapshotSlotHighWater":0,"allocatedBytes":748480,"uploadedBytes":80,"snapshotUploadedBytes":0}]})
PASS  heavy-kit: garment-poses/deep bend/three-quarter: newly rendered frozen crop is byte-stable
FAIL  heavy-kit: snapshot shared/soldiers/heavy-kit/garment-poses  (1200081 px differ (12.2079%) — see shots/diff/shared/soldiers/heavy-kit/garment-poses.png)
PASS  heavy-kit: scabbard-poses/ready/front: production weighted pose submitted  ({"sampled":{"clip":"ready","phase":0,"duration":1.2000000476837158},"lod":{"skinned":1,"impostors":0},"palettes":[{"bones":26,"visible":1,"capacity":256,"snapshotCapacity":2,"snapshotBankCapacity":1,"residentSnapshots":0,"snapshotSlotHighWater":0,"allocatedBytes":748480,"uploadedBytes":80,"snapshotUploadedBytes":0}]})
PASS  heavy-kit: scabbard-poses/ready/front: newly rendered frozen crop is byte-stable
PASS  heavy-kit: scabbard-poses/ready/right side: production weighted pose submitted  ({"sampled":{"clip":"ready","phase":0,"duration":1.2000000476837158},"lod":{"skinned":1,"impostors":0},"palettes":[{"bones":26,"visible":1,"capacity":256,"snapshotCapacity":2,"snapshotBankCapacity":1,"residentSnapshots":0,"snapshotSlotHighWater":0,"allocatedBytes":748480,"uploadedBytes":80,"snapshotUploadedBytes":0}]})
PASS  heavy-kit: scabbard-poses/ready/right side: newly rendered frozen crop is byte-stable
PASS  heavy-kit: scabbard-poses/ready/rear: production weighted pose submitted  ({"sampled":{"clip":"ready","phase":0,"duration":1.2000000476837158},"lod":{"skinned":1,"impostors":0},"palettes":[{"bones":26,"visible":1,"capacity":256,"snapshotCapacity":2,"snapshotBankCapacity":1,"residentSnapshots":0,"snapshotSlotHighWater":0,"allocatedBytes":748480,"uploadedBytes":80,"snapshotUploadedBytes":0}]})
PASS  heavy-kit: scabbard-poses/ready/rear: newly rendered frozen crop is byte-stable
PASS  heavy-kit: scabbard-poses/ready/three-quarter: production weighted pose submitted  ({"sampled":{"clip":"ready","phase":0,"duration":1.2000000476837158},"lod":{"skinned":1,"impostors":0},"palettes":[{"bones":26,"visible":1,"capacity":256,"snapshotCapacity":2,"snapshotBankCapacity":1,"residentSnapshots":0,"snapshotSlotHighWater":0,"allocatedBytes":748480,"uploadedBytes":80,"snapshotUploadedBytes":0}]})
PASS  heavy-kit: scabbard-poses/ready/three-quarter: newly rendered frozen crop is byte-stable
PASS  heavy-kit: scabbard-poses/walk first contact/front: production weighted pose submitted  ({"sampled":{"clip":"walk","phase":0,"duration":0.8999999761581421},"lod":{"skinned":1,"impostors":0},"palettes":[{"bones":26,"visible":1,"capacity":256,"snapshotCapacity":2,"snapshotBankCapacity":1,"residentSnapshots":0,"snapshotSlotHighWater":0,"allocatedBytes":748480,"uploadedBytes":80,"snapshotUploadedBytes":0}]})
PASS  heavy-kit: scabbard-poses/walk first contact/front: newly rendered frozen crop is byte-stable
PASS  heavy-kit: scabbard-poses/walk first contact/right side: production weighted pose submitted  ({"sampled":{"clip":"walk","phase":0,"duration":0.8999999761581421},"lod":{"skinned":1,"impostors":0},"palettes":[{"bones":26,"visible":1,"capacity":256,"snapshotCapacity":2,"snapshotBankCapacity":1,"residentSnapshots":0,"snapshotSlotHighWater":0,"allocatedBytes":748480,"uploadedBytes":80,"snapshotUploadedBytes":0}]})
PASS  heavy-kit: scabbard-poses/walk first contact/right side: newly rendered frozen crop is byte-stable
PASS  heavy-kit: scabbard-poses/walk first contact/rear: production weighted pose submitted  ({"sampled":{"clip":"walk","phase":0,"duration":0.8999999761581421},"lod":{"skinned":1,"impostors":0},"palettes":[{"bones":26,"visible":1,"capacity":256,"snapshotCapacity":2,"snapshotBankCapacity":1,"residentSnapshots":0,"snapshotSlotHighWater":0,"allocatedBytes":748480,"uploadedBytes":80,"snapshotUploadedBytes":0}]})
PASS  heavy-kit: scabbard-poses/walk first contact/rear: newly rendered frozen crop is byte-stable
PASS  heavy-kit: scabbard-poses/walk first contact/three-quarter: production weighted pose submitted  ({"sampled":{"clip":"walk","phase":0,"duration":0.8999999761581421},"lod":{"skinned":1,"impostors":0},"palettes":[{"bones":26,"visible":1,"capacity":256,"snapshotCapacity":2,"snapshotBankCapacity":1,"residentSnapshots":0,"snapshotSlotHighWater":0,"allocatedBytes":748480,"uploadedBytes":80,"snapshotUploadedBytes":0}]})
PASS  heavy-kit: scabbard-poses/walk first contact/three-quarter: newly rendered frozen crop is byte-stable
PASS  heavy-kit: scabbard-poses/walk opposite contact/front: production weighted pose submitted  ({"sampled":{"clip":"walk","phase":0.5,"duration":0.8999999761581421},"lod":{"skinned":1,"impostors":0},"palettes":[{"bones":26,"visible":1,"capacity":256,"snapshotCapacity":2,"snapshotBankCapacity":1,"residentSnapshots":0,"snapshotSlotHighWater":0,"allocatedBytes":748480,"uploadedBytes":80,"snapshotUploadedBytes":0}]})
PASS  heavy-kit: scabbard-poses/walk opposite contact/front: newly rendered frozen crop is byte-stable
PASS  heavy-kit: scabbard-poses/walk opposite contact/right side: production weighted pose submitted  ({"sampled":{"clip":"walk","phase":0.5,"duration":0.8999999761581421},"lod":{"skinned":1,"impostors":0},"palettes":[{"bones":26,"visible":1,"capacity":256,"snapshotCapacity":2,"snapshotBankCapacity":1,"residentSnapshots":0,"snapshotSlotHighWater":0,"allocatedBytes":748480,"uploadedBytes":80,"snapshotUploadedBytes":0}]})
PASS  heavy-kit: scabbard-poses/walk opposite contact/right side: newly rendered frozen crop is byte-stable
PASS  heavy-kit: scabbard-poses/walk opposite contact/rear: production weighted pose submitted  ({"sampled":{"clip":"walk","phase":0.5,"duration":0.8999999761581421},"lod":{"skinned":1,"impostors":0},"palettes":[{"bones":26,"visible":1,"capacity":256,"snapshotCapacity":2,"snapshotBankCapacity":1,"residentSnapshots":0,"snapshotSlotHighWater":0,"allocatedBytes":748480,"uploadedBytes":80,"snapshotUploadedBytes":0}]})
PASS  heavy-kit: scabbard-poses/walk opposite contact/rear: newly rendered frozen crop is byte-stable
PASS  heavy-kit: scabbard-poses/walk opposite contact/three-quarter: production weighted pose submitted  ({"sampled":{"clip":"walk","phase":0.5,"duration":0.8999999761581421},"lod":{"skinned":1,"impostors":0},"palettes":[{"bones":26,"visible":1,"capacity":256,"snapshotCapacity":2,"snapshotBankCapacity":1,"residentSnapshots":0,"snapshotSlotHighWater":0,"allocatedBytes":748480,"uploadedBytes":80,"snapshotUploadedBytes":0}]})
PASS  heavy-kit: scabbard-poses/walk opposite contact/three-quarter: newly rendered frozen crop is byte-stable
PASS  heavy-kit: scabbard-poses/run first contact/front: production weighted pose submitted  ({"sampled":{"clip":"run","phase":0,"duration":0.800000011920929},"lod":{"skinned":1,"impostors":0},"palettes":[{"bones":26,"visible":1,"capacity":256,"snapshotCapacity":2,"snapshotBankCapacity":1,"residentSnapshots":0,"snapshotSlotHighWater":0,"allocatedBytes":748480,"uploadedBytes":80,"snapshotUploadedBytes":0}]})
PASS  heavy-kit: scabbard-poses/run first contact/front: newly rendered frozen crop is byte-stable
PASS  heavy-kit: scabbard-poses/run first contact/right side: production weighted pose submitted  ({"sampled":{"clip":"run","phase":0,"duration":0.800000011920929},"lod":{"skinned":1,"impostors":0},"palettes":[{"bones":26,"visible":1,"capacity":256,"snapshotCapacity":2,"snapshotBankCapacity":1,"residentSnapshots":0,"snapshotSlotHighWater":0,"allocatedBytes":748480,"uploadedBytes":80,"snapshotUploadedBytes":0}]})
PASS  heavy-kit: scabbard-poses/run first contact/right side: newly rendered frozen crop is byte-stable
PASS  heavy-kit: scabbard-poses/run first contact/rear: production weighted pose submitted  ({"sampled":{"clip":"run","phase":0,"duration":0.800000011920929},"lod":{"skinned":1,"impostors":0},"palettes":[{"bones":26,"visible":1,"capacity":256,"snapshotCapacity":2,"snapshotBankCapacity":1,"residentSnapshots":0,"snapshotSlotHighWater":0,"allocatedBytes":748480,"uploadedBytes":80,"snapshotUploadedBytes":0}]})
PASS  heavy-kit: scabbard-poses/run first contact/rear: newly rendered frozen crop is byte-stable
PASS  heavy-kit: scabbard-poses/run first contact/three-quarter: production weighted pose submitted  ({"sampled":{"clip":"run","phase":0,"duration":0.800000011920929},"lod":{"skinned":1,"impostors":0},"palettes":[{"bones":26,"visible":1,"capacity":256,"snapshotCapacity":2,"snapshotBankCapacity":1,"residentSnapshots":0,"snapshotSlotHighWater":0,"allocatedBytes":748480,"uploadedBytes":80,"snapshotUploadedBytes":0}]})
PASS  heavy-kit: scabbard-poses/run first contact/three-quarter: newly rendered frozen crop is byte-stable
PASS  heavy-kit: scabbard-poses/run opposite contact/front: production weighted pose submitted  ({"sampled":{"clip":"run","phase":0.5,"duration":0.800000011920929},"lod":{"skinned":1,"impostors":0},"palettes":[{"bones":26,"visible":1,"capacity":256,"snapshotCapacity":2,"snapshotBankCapacity":1,"residentSnapshots":0,"snapshotSlotHighWater":0,"allocatedBytes":748480,"uploadedBytes":80,"snapshotUploadedBytes":0}]})
PASS  heavy-kit: scabbard-poses/run opposite contact/front: newly rendered frozen crop is byte-stable
PASS  heavy-kit: scabbard-poses/run opposite contact/right side: production weighted pose submitted  ({"sampled":{"clip":"run","phase":0.5,"duration":0.800000011920929},"lod":{"skinned":1,"impostors":0},"palettes":[{"bones":26,"visible":1,"capacity":256,"snapshotCapacity":2,"snapshotBankCapacity":1,"residentSnapshots":0,"snapshotSlotHighWater":0,"allocatedBytes":748480,"uploadedBytes":80,"snapshotUploadedBytes":0}]})
PASS  heavy-kit: scabbard-poses/run opposite contact/right side: newly rendered frozen crop is byte-stable
PASS  heavy-kit: scabbard-poses/run opposite contact/rear: production weighted pose submitted  ({"sampled":{"clip":"run","phase":0.5,"duration":0.800000011920929},"lod":{"skinned":1,"impostors":0},"palettes":[{"bones":26,"visible":1,"capacity":256,"snapshotCapacity":2,"snapshotBankCapacity":1,"residentSnapshots":0,"snapshotSlotHighWater":0,"allocatedBytes":748480,"uploadedBytes":80,"snapshotUploadedBytes":0}]})
PASS  heavy-kit: scabbard-poses/run opposite contact/rear: newly rendered frozen crop is byte-stable
PASS  heavy-kit: scabbard-poses/run opposite contact/three-quarter: production weighted pose submitted  ({"sampled":{"clip":"run","phase":0.5,"duration":0.800000011920929},"lod":{"skinned":1,"impostors":0},"palettes":[{"bones":26,"visible":1,"capacity":256,"snapshotCapacity":2,"snapshotBankCapacity":1,"residentSnapshots":0,"snapshotSlotHighWater":0,"allocatedBytes":748480,"uploadedBytes":80,"snapshotUploadedBytes":0}]})
PASS  heavy-kit: scabbard-poses/run opposite contact/three-quarter: newly rendered frozen crop is byte-stable
PASS  heavy-kit: scabbard-poses/deep bend/front: production weighted pose submitted  ({"sampled":{"clip":"bend","phase":0.5,"duration":2},"lod":{"skinned":1,"impostors":0},"palettes":[{"bones":26,"visible":1,"capacity":256,"snapshotCapacity":2,"snapshotBankCapacity":1,"residentSnapshots":0,"snapshotSlotHighWater":0,"allocatedBytes":748480,"uploadedBytes":80,"snapshotUploadedBytes":0}]})
PASS  heavy-kit: scabbard-poses/deep bend/front: newly rendered frozen crop is byte-stable
PASS  heavy-kit: scabbard-poses/deep bend/right side: production weighted pose submitted  ({"sampled":{"clip":"bend","phase":0.5,"duration":2},"lod":{"skinned":1,"impostors":0},"palettes":[{"bones":26,"visible":1,"capacity":256,"snapshotCapacity":2,"snapshotBankCapacity":1,"residentSnapshots":0,"snapshotSlotHighWater":0,"allocatedBytes":748480,"uploadedBytes":80,"snapshotUploadedBytes":0}]})
PASS  heavy-kit: scabbard-poses/deep bend/right side: newly rendered frozen crop is byte-stable
PASS  heavy-kit: scabbard-poses/deep bend/rear: production weighted pose submitted  ({"sampled":{"clip":"bend","phase":0.5,"duration":2},"lod":{"skinned":1,"impostors":0},"palettes":[{"bones":26,"visible":1,"capacity":256,"snapshotCapacity":2,"snapshotBankCapacity":1,"residentSnapshots":0,"snapshotSlotHighWater":0,"allocatedBytes":748480,"uploadedBytes":80,"snapshotUploadedBytes":0}]})
PASS  heavy-kit: scabbard-poses/deep bend/rear: newly rendered frozen crop is byte-stable
PASS  heavy-kit: scabbard-poses/deep bend/three-quarter: production weighted pose submitted  ({"sampled":{"clip":"bend","phase":0.5,"duration":2},"lod":{"skinned":1,"impostors":0},"palettes":[{"bones":26,"visible":1,"capacity":256,"snapshotCapacity":2,"snapshotBankCapacity":1,"residentSnapshots":0,"snapshotSlotHighWater":0,"allocatedBytes":748480,"uploadedBytes":80,"snapshotUploadedBytes":0}]})
PASS  heavy-kit: scabbard-poses/deep bend/three-quarter: newly rendered frozen crop is byte-stable
FAIL  heavy-kit: snapshot shared/soldiers/heavy-kit/scabbard-poses  (1463557 px differ (14.8881%) — see shots/diff/shared/soldiers/heavy-kit/scabbard-poses.png)
PASS  heavy-kit: ready/ready/front: production weighted pose submitted  ({"sampled":{"clip":"ready","phase":0,"duration":1.2000000476837158},"lod":{"skinned":1,"impostors":0},"palettes":[{"bones":26,"visible":1,"capacity":256,"snapshotCapacity":2,"snapshotBankCapacity":1,"residentSnapshots":0,"snapshotSlotHighWater":0,"allocatedBytes":748480,"uploadedBytes":80,"snapshotUploadedBytes":0}]})
PASS  heavy-kit: ready/ready/front: newly rendered frozen crop is byte-stable
PASS  heavy-kit: ready/ready/side: production weighted pose submitted  ({"sampled":{"clip":"ready","phase":0,"duration":1.2000000476837158},"lod":{"skinned":1,"impostors":0},"palettes":[{"bones":26,"visible":1,"capacity":256,"snapshotCapacity":2,"snapshotBankCapacity":1,"residentSnapshots":0,"snapshotSlotHighWater":0,"allocatedBytes":748480,"uploadedBytes":80,"snapshotUploadedBytes":0}]})
PASS  heavy-kit: ready/ready/side: newly rendered frozen crop is byte-stable
PASS  heavy-kit: ready/ready/rear: production weighted pose submitted  ({"sampled":{"clip":"ready","phase":0,"duration":1.2000000476837158},"lod":{"skinned":1,"impostors":0},"palettes":[{"bones":26,"visible":1,"capacity":256,"snapshotCapacity":2,"snapshotBankCapacity":1,"residentSnapshots":0,"snapshotSlotHighWater":0,"allocatedBytes":748480,"uploadedBytes":80,"snapshotUploadedBytes":0}]})
PASS  heavy-kit: ready/ready/rear: newly rendered frozen crop is byte-stable
PASS  heavy-kit: ready/ready/three-quarter: production weighted pose submitted  ({"sampled":{"clip":"ready","phase":0,"duration":1.2000000476837158},"lod":{"skinned":1,"impostors":0},"palettes":[{"bones":26,"visible":1,"capacity":256,"snapshotCapacity":2,"snapshotBankCapacity":1,"residentSnapshots":0,"snapshotSlotHighWater":0,"allocatedBytes":748480,"uploadedBytes":80,"snapshotUploadedBytes":0}]})
PASS  heavy-kit: ready/ready/three-quarter: newly rendered frozen crop is byte-stable
FAIL  heavy-kit: snapshot shared/soldiers/heavy-kit/ready  (151132 px differ (9.2244%) — see shots/diff/shared/soldiers/heavy-kit/ready.png)
PASS  heavy-kit: ready-feet/ready/front: production weighted pose submitted  ({"sampled":{"clip":"ready","phase":0,"duration":1.2000000476837158},"lod":{"skinned":1,"impostors":0},"palettes":[{"bones":26,"visible":1,"capacity":256,"snapshotCapacity":2,"snapshotBankCapacity":1,"residentSnapshots":0,"snapshotSlotHighWater":0,"allocatedBytes":748480,"uploadedBytes":80,"snapshotUploadedBytes":0}]})
PASS  heavy-kit: ready-feet/ready/front: newly rendered frozen crop is byte-stable
PASS  heavy-kit: ready-feet/ready/side: production weighted pose submitted  ({"sampled":{"clip":"ready","phase":0,"duration":1.2000000476837158},"lod":{"skinned":1,"impostors":0},"palettes":[{"bones":26,"visible":1,"capacity":256,"snapshotCapacity":2,"snapshotBankCapacity":1,"residentSnapshots":0,"snapshotSlotHighWater":0,"allocatedBytes":748480,"uploadedBytes":80,"snapshotUploadedBytes":0}]})
PASS  heavy-kit: ready-feet/ready/side: newly rendered frozen crop is byte-stable
PASS  heavy-kit: ready-feet/ready/rear: production weighted pose submitted  ({"sampled":{"clip":"ready","phase":0,"duration":1.2000000476837158},"lod":{"skinned":1,"impostors":0},"palettes":[{"bones":26,"visible":1,"capacity":256,"snapshotCapacity":2,"snapshotBankCapacity":1,"residentSnapshots":0,"snapshotSlotHighWater":0,"allocatedBytes":748480,"uploadedBytes":80,"snapshotUploadedBytes":0}]})
PASS  heavy-kit: ready-feet/ready/rear: newly rendered frozen crop is byte-stable
PASS  heavy-kit: ready-feet/ready/three-quarter: production weighted pose submitted  ({"sampled":{"clip":"ready","phase":0,"duration":1.2000000476837158},"lod":{"skinned":1,"impostors":0},"palettes":[{"bones":26,"visible":1,"capacity":256,"snapshotCapacity":2,"snapshotBankCapacity":1,"residentSnapshots":0,"snapshotSlotHighWater":0,"allocatedBytes":748480,"uploadedBytes":80,"snapshotUploadedBytes":0}]})
PASS  heavy-kit: ready-feet/ready/three-quarter: newly rendered frozen crop is byte-stable
FAIL  heavy-kit: snapshot shared/soldiers/heavy-kit/ready-feet  (685785 px differ (41.8570%) — see shots/diff/shared/soldiers/heavy-kit/ready-feet.png)
PASS  heavy-kit: walk-frames/walk frame 0/front: production weighted pose submitted  ({"sampled":{"clip":"walk","phase":0,"duration":0.8999999761581421},"lod":{"skinned":1,"impostors":0},"palettes":[{"bones":26,"visible":1,"capacity":256,"snapshotCapacity":2,"snapshotBankCapacity":1,"residentSnapshots":0,"snapshotSlotHighWater":0,"allocatedBytes":748480,"uploadedBytes":80,"snapshotUploadedBytes":0}]})
PASS  heavy-kit: walk-frames/walk frame 0/front: newly rendered frozen crop is byte-stable
PASS  heavy-kit: walk-frames/walk frame 0/right side: production weighted pose submitted  ({"sampled":{"clip":"walk","phase":0,"duration":0.8999999761581421},"lod":{"skinned":1,"impostors":0},"palettes":[{"bones":26,"visible":1,"capacity":256,"snapshotCapacity":2,"snapshotBankCapacity":1,"residentSnapshots":0,"snapshotSlotHighWater":0,"allocatedBytes":748480,"uploadedBytes":80,"snapshotUploadedBytes":0}]})
PASS  heavy-kit: walk-frames/walk frame 0/right side: newly rendered frozen crop is byte-stable
PASS  heavy-kit: walk-frames/walk frame 0/rear: production weighted pose submitted  ({"sampled":{"clip":"walk","phase":0,"duration":0.8999999761581421},"lod":{"skinned":1,"impostors":0},"palettes":[{"bones":26,"visible":1,"capacity":256,"snapshotCapacity":2,"snapshotBankCapacity":1,"residentSnapshots":0,"snapshotSlotHighWater":0,"allocatedBytes":748480,"uploadedBytes":80,"snapshotUploadedBytes":0}]})
PASS  heavy-kit: walk-frames/walk frame 0/rear: newly rendered frozen crop is byte-stable
PASS  heavy-kit: walk-frames/walk frame 0/three-quarter: production weighted pose submitted  ({"sampled":{"clip":"walk","phase":0,"duration":0.8999999761581421},"lod":{"skinned":1,"impostors":0},"palettes":[{"bones":26,"visible":1,"capacity":256,"snapshotCapacity":2,"snapshotBankCapacity":1,"residentSnapshots":0,"snapshotSlotHighWater":0,"allocatedBytes":748480,"uploadedBytes":80,"snapshotUploadedBytes":0}]})
PASS  heavy-kit: walk-frames/walk frame 0/three-quarter: newly rendered frozen crop is byte-stable
PASS  heavy-kit: walk-frames/walk frame 1/front: production weighted pose submitted  ({"sampled":{"clip":"walk","phase":0.037037037037037035,"duration":0.8999999761581421},"lod":{"skinned":1,"impostors":0},"palettes":[{"bones":26,"visible":1,"capacity":256,"snapshotCapacity":2,"snapshotBankCapacity":1,"residentSnapshots":0,"snapshotSlotHighWater":0,"allocatedBytes":748480,"uploadedBytes":80,"snapshotUploadedBytes":0}]})
PASS  heavy-kit: walk-frames/walk frame 1/front: newly rendered frozen crop is byte-stable
PASS  heavy-kit: walk-frames/walk frame 1/right side: production weighted pose submitted  ({"sampled":{"clip":"walk","phase":0.037037037037037035,"duration":0.8999999761581421},"lod":{"skinned":1,"impostors":0},"palettes":[{"bones":26,"visible":1,"capacity":256,"snapshotCapacity":2,"snapshotBankCapacity":1,"residentSnapshots":0,"snapshotSlotHighWater":0,"allocatedBytes":748480,"uploadedBytes":80,"snapshotUploadedBytes":0}]})
PASS  heavy-kit: walk-frames/walk frame 1/right side: newly rendered frozen crop is byte-stable
PASS  heavy-kit: walk-frames/walk frame 1/rear: production weighted pose submitted  ({"sampled":{"clip":"walk","phase":0.037037037037037035,"duration":0.8999999761581421},"lod":{"skinned":1,"impostors":0},"palettes":[{"bones":26,"visible":1,"capacity":256,"snapshotCapacity":2,"snapshotBankCapacity":1,"residentSnapshots":0,"snapshotSlotHighWater":0,"allocatedBytes":748480,"uploadedBytes":80,"snapshotUploadedBytes":0}]})
PASS  heavy-kit: walk-frames/walk frame 1/rear: newly rendered frozen crop is byte-stable
PASS  heavy-kit: walk-frames/walk frame 1/three-quarter: production weighted pose submitted  ({"sampled":{"clip":"walk","phase":0.037037037037037035,"duration":0.8999999761581421},"lod":{"skinned":1,"impostors":0},"palettes":[{"bones":26,"visible":1,"capacity":256,"snapshotCapacity":2,"snapshotBankCapacity":1,"residentSnapshots":0,"snapshotSlotHighWater":0,"allocatedBytes":748480,"uploadedBytes":80,"snapshotUploadedBytes":0}]})
PASS  heavy-kit: walk-frames/walk frame 1/three-quarter: newly rendered frozen crop is byte-stable
PASS  heavy-kit: walk-frames/walk frame 2/front: production weighted pose submitted  ({"sampled":{"clip":"walk","phase":0.07407407407407407,"duration":0.8999999761581421},"lod":{"skinned":1,"impostors":0},"palettes":[{"bones":26,"visible":1,"capacity":256,"snapshotCapacity":2,"snapshotBankCapacity":1,"residentSnapshots":0,"snapshotSlotHighWater":0,"allocatedBytes":748480,"uploadedBytes":80,"snapshotUploadedBytes":0}]})
PASS  heavy-kit: walk-frames/walk frame 2/front: newly rendered frozen crop is byte-stable
PASS  heavy-kit: walk-frames/walk frame 2/right side: production weighted pose submitted  ({"sampled":{"clip":"walk","phase":0.07407407407407407,"duration":0.8999999761581421},"lod":{"skinned":1,"impostors":0},"palettes":[{"bones":26,"visible":1,"capacity":256,"snapshotCapacity":2,"snapshotBankCapacity":1,"residentSnapshots":0,"snapshotSlotHighWater":0,"allocatedBytes":748480,"uploadedBytes":80,"snapshotUploadedBytes":0}]})
PASS  heavy-kit: walk-frames/walk frame 2/right side: newly rendered frozen crop is byte-stable
PASS  heavy-kit: walk-frames/walk frame 2/rear: production weighted pose submitted  ({"sampled":{"clip":"walk","phase":0.07407407407407407,"duration":0.8999999761581421},"lod":{"skinned":1,"impostors":0},"palettes":[{"bones":26,"visible":1,"capacity":256,"snapshotCapacity":2,"snapshotBankCapacity":1,"residentSnapshots":0,"snapshotSlotHighWater":0,"allocatedBytes":748480,"uploadedBytes":80,"snapshotUploadedBytes":0}]})
PASS  heavy-kit: walk-frames/walk frame 2/rear: newly rendered frozen crop is byte-stable
PASS  heavy-kit: walk-frames/walk frame 2/three-quarter: production weighted pose submitted  ({"sampled":{"clip":"walk","phase":0.07407407407407407,"duration":0.8999999761581421},"lod":{"skinned":1,"impostors":0},"palettes":[{"bones":26,"visible":1,"capacity":256,"snapshotCapacity":2,"snapshotBankCapacity":1,"residentSnapshots":0,"snapshotSlotHighWater":0,"allocatedBytes":748480,"uploadedBytes":80,"snapshotUploadedBytes":0}]})
PASS  heavy-kit: walk-frames/walk frame 2/three-quarter: newly rendered frozen crop is byte-stable
PASS  heavy-kit: walk-frames/walk frame 3/front: production weighted pose submitted  ({"sampled":{"clip":"walk","phase":0.1111111111111111,"duration":0.8999999761581421},"lod":{"skinned":1,"impostors":0},"palettes":[{"bones":26,"visible":1,"capacity":256,"snapshotCapacity":2,"snapshotBankCapacity":1,"residentSnapshots":0,"snapshotSlotHighWater":0,"allocatedBytes":748480,"uploadedBytes":80,"snapshotUploadedBytes":0}]})
PASS  heavy-kit: walk-frames/walk frame 3/front: newly rendered frozen crop is byte-stable
PASS  heavy-kit: walk-frames/walk frame 3/right side: production weighted pose submitted  ({"sampled":{"clip":"walk","phase":0.1111111111111111,"duration":0.8999999761581421},"lod":{"skinned":1,"impostors":0},"palettes":[{"bones":26,"visible":1,"capacity":256,"snapshotCapacity":2,"snapshotBankCapacity":1,"residentSnapshots":0,"snapshotSlotHighWater":0,"allocatedBytes":748480,"uploadedBytes":80,"snapshotUploadedBytes":0}]})
PASS  heavy-kit: walk-frames/walk frame 3/right side: newly rendered frozen crop is byte-stable
PASS  heavy-kit: walk-frames/walk frame 3/rear: production weighted pose submitted  ({"sampled":{"clip":"walk","phase":0.1111111111111111,"duration":0.8999999761581421},"lod":{"skinned":1,"impostors":0},"palettes":[{"bones":26,"visible":1,"capacity":256,"snapshotCapacity":2,"snapshotBankCapacity":1,"residentSnapshots":0,"snapshotSlotHighWater":0,"allocatedBytes":748480,"uploadedBytes":80,"snapshotUploadedBytes":0}]})
PASS  heavy-kit: walk-frames/walk frame 3/rear: newly rendered frozen crop is byte-stable
PASS  heavy-kit: walk-frames/walk frame 3/three-quarter: production weighted pose submitted  ({"sampled":{"clip":"walk","phase":0.1111111111111111,"duration":0.8999999761581421},"lod":{"skinned":1,"impostors":0},"palettes":[{"bones":26,"visible":1,"capacity":256,"snapshotCapacity":2,"snapshotBankCapacity":1,"residentSnapshots":0,"snapshotSlotHighWater":0,"allocatedBytes":748480,"uploadedBytes":80,"snapshotUploadedBytes":0}]})
PASS  heavy-kit: walk-frames/walk frame 3/three-quarter: newly rendered frozen crop is byte-stable
PASS  heavy-kit: walk-frames/walk frame 4/front: production weighted pose submitted  ({"sampled":{"clip":"walk","phase":0.14814814814814814,"duration":0.8999999761581421},"lod":{"skinned":1,"impostors":0},"palettes":[{"bones":26,"visible":1,"capacity":256,"snapshotCapacity":2,"snapshotBankCapacity":1,"residentSnapshots":0,"snapshotSlotHighWater":0,"allocatedBytes":748480,"uploadedBytes":80,"snapshotUploadedBytes":0}]})
PASS  heavy-kit: walk-frames/walk frame 4/front: newly rendered frozen crop is byte-stable
PASS  heavy-kit: walk-frames/walk frame 4/right side: production weighted pose submitted  ({"sampled":{"clip":"walk","phase":0.14814814814814814,"duration":0.8999999761581421},"lod":{"skinned":1,"impostors":0},"palettes":[{"bones":26,"visible":1,"capacity":256,"snapshotCapacity":2,"snapshotBankCapacity":1,"residentSnapshots":0,"snapshotSlotHighWater":0,"allocatedBytes":748480,"uploadedBytes":80,"snapshotUploadedBytes":0}]})
PASS  heavy-kit: walk-frames/walk frame 4/right side: newly rendered frozen crop is byte-stable
PASS  heavy-kit: walk-frames/walk frame 4/rear: production weighted pose submitted  ({"sampled":{"clip":"walk","phase":0.14814814814814814,"duration":0.8999999761581421},"lod":{"skinned":1,"impostors":0},"palettes":[{"bones":26,"visible":1,"capacity":256,"snapshotCapacity":2,"snapshotBankCapacity":1,"residentSnapshots":0,"snapshotSlotHighWater":0,"allocatedBytes":748480,"uploadedBytes":80,"snapshotUploadedBytes":0}]})
PASS  heavy-kit: walk-frames/walk frame 4/rear: newly rendered frozen crop is byte-stable
PASS  heavy-kit: walk-frames/walk frame 4/three-quarter: production weighted pose submitted  ({"sampled":{"clip":"walk","phase":0.14814814814814814,"duration":0.8999999761581421},"lod":{"skinned":1,"impostors":0},"palettes":[{"bones":26,"visible":1,"capacity":256,"snapshotCapacity":2,"snapshotBankCapacity":1,"residentSnapshots":0,"snapshotSlotHighWater":0,"allocatedBytes":748480,"uploadedBytes":80,"snapshotUploadedBytes":0}]})
PASS  heavy-kit: walk-frames/walk frame 4/three-quarter: newly rendered frozen crop is byte-stable
PASS  heavy-kit: walk-frames/walk frame 5/front: production weighted pose submitted  ({"sampled":{"clip":"walk","phase":0.18518518518518517,"duration":0.8999999761581421},"lod":{"skinned":1,"impostors":0},"palettes":[{"bones":26,"visible":1,"capacity":256,"snapshotCapacity":2,"snapshotBankCapacity":1,"residentSnapshots":0,"snapshotSlotHighWater":0,"allocatedBytes":748480,"uploadedBytes":80,"snapshotUploadedBytes":0}]})
PASS  heavy-kit: walk-frames/walk frame 5/front: newly rendered frozen crop is byte-stable
PASS  heavy-kit: walk-frames/walk frame 5/right side: production weighted pose submitted  ({"sampled":{"clip":"walk","phase":0.18518518518518517,"duration":0.8999999761581421},"lod":{"skinned":1,"impostors":0},"palettes":[{"bones":26,"visible":1,"capacity":256,"snapshotCapacity":2,"snapshotBankCapacity":1,"residentSnapshots":0,"snapshotSlotHighWater":0,"allocatedBytes":748480,"uploadedBytes":80,"snapshotUploadedBytes":0}]})
PASS  heavy-kit: walk-frames/walk frame 5/right side: newly rendered frozen crop is byte-stable
PASS  heavy-kit: walk-frames/walk frame 5/rear: production weighted pose submitted  ({"sampled":{"clip":"walk","phase":0.18518518518518517,"duration":0.8999999761581421},"lod":{"skinned":1,"impostors":0},"palettes":[{"bones":26,"visible":1,"capacity":256,"snapshotCapacity":2,"snapshotBankCapacity":1,"residentSnapshots":0,"snapshotSlotHighWater":0,"allocatedBytes":748480,"uploadedBytes":80,"snapshotUploadedBytes":0}]})
PASS  heavy-kit: walk-frames/walk frame 5/rear: newly rendered frozen crop is byte-stable
PASS  heavy-kit: walk-frames/walk frame 5/three-quarter: production weighted pose submitted  ({"sampled":{"clip":"walk","phase":0.18518518518518517,"duration":0.8999999761581421},"lod":{"skinned":1,"impostors":0},"palettes":[{"bones":26,"visible":1,"capacity":256,"snapshotCapacity":2,"snapshotBankCapacity":1,"residentSnapshots":0,"snapshotSlotHighWater":0,"allocatedBytes":748480,"uploadedBytes":80,"snapshotUploadedBytes":0}]})
PASS  heavy-kit: walk-frames/walk frame 5/three-quarter: newly rendered frozen crop is byte-stable
PASS  heavy-kit: walk-frames/walk frame 6/front: production weighted pose submitted  ({"sampled":{"clip":"walk","phase":0.2222222222222222,"duration":0.8999999761581421},"lod":{"skinned":1,"impostors":0},"palettes":[{"bones":26,"visible":1,"capacity":256,"snapshotCapacity":2,"snapshotBankCapacity":1,"residentSnapshots":0,"snapshotSlotHighWater":0,"allocatedBytes":748480,"uploadedBytes":80,"snapshotUploadedBytes":0}]})
PASS  heavy-kit: walk-frames/walk frame 6/front: newly rendered frozen crop is byte-stable
PASS  heavy-kit: walk-frames/walk frame 6/right side: production weighted pose submitted  ({"sampled":{"clip":"walk","phase":0.2222222222222222,"duration":0.8999999761581421},"lod":{"skinned":1,"impostors":0},"palettes":[{"bones":26,"visible":1,"capacity":256,"snapshotCapacity":2,"snapshotBankCapacity":1,"residentSnapshots":0,"snapshotSlotHighWater":0,"allocatedBytes":748480,"uploadedBytes":80,"snapshotUploadedBytes":0}]})
PASS  heavy-kit: walk-frames/walk frame 6/right side: newly rendered frozen crop is byte-stable
PASS  heavy-kit: walk-frames/walk frame 6/rear: production weighted pose submitted  ({"sampled":{"clip":"walk","phase":0.2222222222222222,"duration":0.8999999761581421},"lod":{"skinned":1,"impostors":0},"palettes":[{"bones":26,"visible":1,"capacity":256,"snapshotCapacity":2,"snapshotBankCapacity":1,"residentSnapshots":0,"snapshotSlotHighWater":0,"allocatedBytes":748480,"uploadedBytes":80,"snapshotUploadedBytes":0}]})
PASS  heavy-kit: walk-frames/walk frame 6/rear: newly rendered frozen crop is byte-stable
PASS  heavy-kit: walk-frames/walk frame 6/three-quarter: production weighted pose submitted  ({"sampled":{"clip":"walk","phase":0.2222222222222222,"duration":0.8999999761581421},"lod":{"skinned":1,"impostors":0},"palettes":[{"bones":26,"visible":1,"capacity":256,"snapshotCapacity":2,"snapshotBankCapacity":1,"residentSnapshots":0,"snapshotSlotHighWater":0,"allocatedBytes":748480,"uploadedBytes":80,"snapshotUploadedBytes":0}]})
PASS  heavy-kit: walk-frames/walk frame 6/three-quarter: newly rendered frozen crop is byte-stable
PASS  heavy-kit: walk-frames/walk frame 7/front: production weighted pose submitted  ({"sampled":{"clip":"walk","phase":0.25925925925925924,"duration":0.8999999761581421},"lod":{"skinned":1,"impostors":0},"palettes":[{"bones":26,"visible":1,"capacity":256,"snapshotCapacity":2,"snapshotBankCapacity":1,"residentSnapshots":0,"snapshotSlotHighWater":0,"allocatedBytes":748480,"uploadedBytes":80,"snapshotUploadedBytes":0}]})
PASS  heavy-kit: walk-frames/walk frame 7/front: newly rendered frozen crop is byte-stable
PASS  heavy-kit: walk-frames/walk frame 7/right side: production weighted pose submitted  ({"sampled":{"clip":"walk","phase":0.25925925925925924,"duration":0.8999999761581421},"lod":{"skinned":1,"impostors":0},"palettes":[{"bones":26,"visible":1,"capacity":256,"snapshotCapacity":2,"snapshotBankCapacity":1,"residentSnapshots":0,"snapshotSlotHighWater":0,"allocatedBytes":748480,"uploadedBytes":80,"snapshotUploadedBytes":0}]})
PASS  heavy-kit: walk-frames/walk frame 7/right side: newly rendered frozen crop is byte-stable
PASS  heavy-kit: walk-frames/walk frame 7/rear: production weighted pose submitted  ({"sampled":{"clip":"walk","phase":0.25925925925925924,"duration":0.8999999761581421},"lod":{"skinned":1,"impostors":0},"palettes":[{"bones":26,"visible":1,"capacity":256,"snapshotCapacity":2,"snapshotBankCapacity":1,"residentSnapshots":0,"snapshotSlotHighWater":0,"allocatedBytes":748480,"uploadedBytes":80,"snapshotUploadedBytes":0}]})
PASS  heavy-kit: walk-frames/walk frame 7/rear: newly rendered frozen crop is byte-stable
PASS  heavy-kit: walk-frames/walk frame 7/three-quarter: production weighted pose submitted  ({"sampled":{"clip":"walk","phase":0.25925925925925924,"duration":0.8999999761581421},"lod":{"skinned":1,"impostors":0},"palettes":[{"bones":26,"visible":1,"capacity":256,"snapshotCapacity":2,"snapshotBankCapacity":1,"residentSnapshots":0,"snapshotSlotHighWater":0,"allocatedBytes":748480,"uploadedBytes":80,"snapshotUploadedBytes":0}]})
PASS  heavy-kit: walk-frames/walk frame 7/three-quarter: newly rendered frozen crop is byte-stable
PASS  heavy-kit: walk-frames/walk frame 8/front: production weighted pose submitted  ({"sampled":{"clip":"walk","phase":0.2962962962962963,"duration":0.8999999761581421},"lod":{"skinned":1,"impostors":0},"palettes":[{"bones":26,"visible":1,"capacity":256,"snapshotCapacity":2,"snapshotBankCapacity":1,"residentSnapshots":0,"snapshotSlotHighWater":0,"allocatedBytes":748480,"uploadedBytes":80,"snapshotUploadedBytes":0}]})
PASS  heavy-kit: walk-frames/walk frame 8/front: newly rendered frozen crop is byte-stable
PASS  heavy-kit: walk-frames/walk frame 8/right side: production weighted pose submitted  ({"sampled":{"clip":"walk","phase":0.2962962962962963,"duration":0.8999999761581421},"lod":{"skinned":1,"impostors":0},"palettes":[{"bones":26,"visible":1,"capacity":256,"snapshotCapacity":2,"snapshotBankCapacity":1,"residentSnapshots":0,"snapshotSlotHighWater":0,"allocatedBytes":748480,"uploadedBytes":80,"snapshotUploadedBytes":0}]})
PASS  heavy-kit: walk-frames/walk frame 8/right side: newly rendered frozen crop is byte-stable
PASS  heavy-kit: walk-frames/walk frame 8/rear: production weighted pose submitted  ({"sampled":{"clip":"walk","phase":0.2962962962962963,"duration":0.8999999761581421},"lod":{"skinned":1,"impostors":0},"palettes":[{"bones":26,"visible":1,"capacity":256,"snapshotCapacity":2,"snapshotBankCapacity":1,"residentSnapshots":0,"snapshotSlotHighWater":0,"allocatedBytes":748480,"uploadedBytes":80,"snapshotUploadedBytes":0}]})
PASS  heavy-kit: walk-frames/walk frame 8/rear: newly rendered frozen crop is byte-stable
PASS  heavy-kit: walk-frames/walk frame 8/three-quarter: production weighted pose submitted  ({"sampled":{"clip":"walk","phase":0.2962962962962963,"duration":0.8999999761581421},"lod":{"skinned":1,"impostors":0},"palettes":[{"bones":26,"visible":1,"capacity":256,"snapshotCapacity":2,"snapshotBankCapacity":1,"residentSnapshots":0,"snapshotSlotHighWater":0,"allocatedBytes":748480,"uploadedBytes":80,"snapshotUploadedBytes":0}]})
PASS  heavy-kit: walk-frames/walk frame 8/three-quarter: newly rendered frozen crop is byte-stable
PASS  heavy-kit: walk-frames/walk frame 9/front: production weighted pose submitted  ({"sampled":{"clip":"walk","phase":0.3333333333333333,"duration":0.8999999761581421},"lod":{"skinned":1,"impostors":0},"palettes":[{"bones":26,"visible":1,"capacity":256,"snapshotCapacity":2,"snapshotBankCapacity":1,"residentSnapshots":0,"snapshotSlotHighWater":0,"allocatedBytes":748480,"uploadedBytes":80,"snapshotUploadedBytes":0}]})
PASS  heavy-kit: walk-frames/walk frame 9/front: newly rendered frozen crop is byte-stable
PASS  heavy-kit: walk-frames/walk frame 9/right side: production weighted pose submitted  ({"sampled":{"clip":"walk","phase":0.3333333333333333,"duration":0.8999999761581421},"lod":{"skinned":1,"impostors":0},"palettes":[{"bones":26,"visible":1,"capacity":256,"snapshotCapacity":2,"snapshotBankCapacity":1,"residentSnapshots":0,"snapshotSlotHighWater":0,"allocatedBytes":748480,"uploadedBytes":80,"snapshotUploadedBytes":0}]})
PASS  heavy-kit: walk-frames/walk frame 9/right side: newly rendered frozen crop is byte-stable
PASS  heavy-kit: walk-frames/walk frame 9/rear: production weighted pose submitted  ({"sampled":{"clip":"walk","phase":0.3333333333333333,"duration":0.8999999761581421},"lod":{"skinned":1,"impostors":0},"palettes":[{"bones":26,"visible":1,"capacity":256,"snapshotCapacity":2,"snapshotBankCapacity":1,"residentSnapshots":0,"snapshotSlotHighWater":0,"allocatedBytes":748480,"uploadedBytes":80,"snapshotUploadedBytes":0}]})
PASS  heavy-kit: walk-frames/walk frame 9/rear: newly rendered frozen crop is byte-stable
PASS  heavy-kit: walk-frames/walk frame 9/three-quarter: production weighted pose submitted  ({"sampled":{"clip":"walk","phase":0.3333333333333333,"duration":0.8999999761581421},"lod":{"skinned":1,"impostors":0},"palettes":[{"bones":26,"visible":1,"capacity":256,"snapshotCapacity":2,"snapshotBankCapacity":1,"residentSnapshots":0,"snapshotSlotHighWater":0,"allocatedBytes":748480,"uploadedBytes":80,"snapshotUploadedBytes":0}]})
PASS  heavy-kit: walk-frames/walk frame 9/three-quarter: newly rendered frozen crop is byte-stable
PASS  heavy-kit: walk-frames/walk frame 10/front: production weighted pose submitted  ({"sampled":{"clip":"walk","phase":0.37037037037037035,"duration":0.8999999761581421},"lod":{"skinned":1,"impostors":0},"palettes":[{"bones":26,"visible":1,"capacity":256,"snapshotCapacity":2,"snapshotBankCapacity":1,"residentSnapshots":0,"snapshotSlotHighWater":0,"allocatedBytes":748480,"uploadedBytes":80,"snapshotUploadedBytes":0}]})
PASS  heavy-kit: walk-frames/walk frame 10/front: newly rendered frozen crop is byte-stable
PASS  heavy-kit: walk-frames/walk frame 10/right side: production weighted pose submitted  ({"sampled":{"clip":"walk","phase":0.37037037037037035,"duration":0.8999999761581421},"lod":{"skinned":1,"impostors":0},"palettes":[{"bones":26,"visible":1,"capacity":256,"snapshotCapacity":2,"snapshotBankCapacity":1,"residentSnapshots":0,"snapshotSlotHighWater":0,"allocatedBytes":748480,"uploadedBytes":80,"snapshotUploadedBytes":0}]})
PASS  heavy-kit: walk-frames/walk frame 10/right side: newly rendered frozen crop is byte-stable
PASS  heavy-kit: walk-frames/walk frame 10/rear: production weighted pose submitted  ({"sampled":{"clip":"walk","phase":0.37037037037037035,"duration":0.8999999761581421},"lod":{"skinned":1,"impostors":0},"palettes":[{"bones":26,"visible":1,"capacity":256,"snapshotCapacity":2,"snapshotBankCapacity":1,"residentSnapshots":0,"snapshotSlotHighWater":0,"allocatedBytes":748480,"uploadedBytes":80,"snapshotUploadedBytes":0}]})
PASS  heavy-kit: walk-frames/walk frame 10/rear: newly rendered frozen crop is byte-stable
PASS  heavy-kit: walk-frames/walk frame 10/three-quarter: production weighted pose submitted  ({"sampled":{"clip":"walk","phase":0.37037037037037035,"duration":0.8999999761581421},"lod":{"skinned":1,"impostors":0},"palettes":[{"bones":26,"visible":1,"capacity":256,"snapshotCapacity":2,"snapshotBankCapacity":1,"residentSnapshots":0,"snapshotSlotHighWater":0,"allocatedBytes":748480,"uploadedBytes":80,"snapshotUploadedBytes":0}]})
PASS  heavy-kit: walk-frames/walk frame 10/three-quarter: newly rendered frozen crop is byte-stable
PASS  heavy-kit: walk-frames/walk frame 11/front: production weighted pose submitted  ({"sampled":{"clip":"walk","phase":0.4074074074074074,"duration":0.8999999761581421},"lod":{"skinned":1,"impostors":0},"palettes":[{"bones":26,"visible":1,"capacity":256,"snapshotCapacity":2,"snapshotBankCapacity":1,"residentSnapshots":0,"snapshotSlotHighWater":0,"allocatedBytes":748480,"uploadedBytes":80,"snapshotUploadedBytes":0}]})
PASS  heavy-kit: walk-frames/walk frame 11/front: newly rendered frozen crop is byte-stable
PASS  heavy-kit: walk-frames/walk frame 11/right side: production weighted pose submitted  ({"sampled":{"clip":"walk","phase":0.4074074074074074,"duration":0.8999999761581421},"lod":{"skinned":1,"impostors":0},"palettes":[{"bones":26,"visible":1,"capacity":256,"snapshotCapacity":2,"snapshotBankCapacity":1,"residentSnapshots":0,"snapshotSlotHighWater":0,"allocatedBytes":748480,"uploadedBytes":80,"snapshotUploadedBytes":0}]})
PASS  heavy-kit: walk-frames/walk frame 11/right side: newly rendered frozen crop is byte-stable
PASS  heavy-kit: walk-frames/walk frame 11/rear: production weighted pose submitted  ({"sampled":{"clip":"walk","phase":0.4074074074074074,"duration":0.8999999761581421},"lod":{"skinned":1,"impostors":0},"palettes":[{"bones":26,"visible":1,"capacity":256,"snapshotCapacity":2,"snapshotBankCapacity":1,"residentSnapshots":0,"snapshotSlotHighWater":0,"allocatedBytes":748480,"uploadedBytes":80,"snapshotUploadedBytes":0}]})
PASS  heavy-kit: walk-frames/walk frame 11/rear: newly rendered frozen crop is byte-stable
PASS  heavy-kit: walk-frames/walk frame 11/three-quarter: production weighted pose submitted  ({"sampled":{"clip":"walk","phase":0.4074074074074074,"duration":0.8999999761581421},"lod":{"skinned":1,"impostors":0},"palettes":[{"bones":26,"visible":1,"capacity":256,"snapshotCapacity":2,"snapshotBankCapacity":1,"residentSnapshots":0,"snapshotSlotHighWater":0,"allocatedBytes":748480,"uploadedBytes":80,"snapshotUploadedBytes":0}]})
PASS  heavy-kit: walk-frames/walk frame 11/three-quarter: newly rendered frozen crop is byte-stable
PASS  heavy-kit: walk-frames/walk frame 12/front: production weighted pose submitted  ({"sampled":{"clip":"walk","phase":0.4444444444444444,"duration":0.8999999761581421},"lod":{"skinned":1,"impostors":0},"palettes":[{"bones":26,"visible":1,"capacity":256,"snapshotCapacity":2,"snapshotBankCapacity":1,"residentSnapshots":0,"snapshotSlotHighWater":0,"allocatedBytes":748480,"uploadedBytes":80,"snapshotUploadedBytes":0}]})
PASS  heavy-kit: walk-frames/walk frame 12/front: newly rendered frozen crop is byte-stable
PASS  heavy-kit: walk-frames/walk frame 12/right side: production weighted pose submitted  ({"sampled":{"clip":"walk","phase":0.4444444444444444,"duration":0.8999999761581421},"lod":{"skinned":1,"impostors":0},"palettes":[{"bones":26,"visible":1,"capacity":256,"snapshotCapacity":2,"snapshotBankCapacity":1,"residentSnapshots":0,"snapshotSlotHighWater":0,"allocatedBytes":748480,"uploadedBytes":80,"snapshotUploadedBytes":0}]})
PASS  heavy-kit: walk-frames/walk frame 12/right side: newly rendered frozen crop is byte-stable
PASS  heavy-kit: walk-frames/walk frame 12/rear: production weighted pose submitted  ({"sampled":{"clip":"walk","phase":0.4444444444444444,"duration":0.8999999761581421},"lod":{"skinned":1,"impostors":0},"palettes":[{"bones":26,"visible":1,"capacity":256,"snapshotCapacity":2,"snapshotBankCapacity":1,"residentSnapshots":0,"snapshotSlotHighWater":0,"allocatedBytes":748480,"uploadedBytes":80,"snapshotUploadedBytes":0}]})
PASS  heavy-kit: walk-frames/walk frame 12/rear: newly rendered frozen crop is byte-stable
PASS  heavy-kit: walk-frames/walk frame 12/three-quarter: production weighted pose submitted  ({"sampled":{"clip":"walk","phase":0.4444444444444444,"duration":0.8999999761581421},"lod":{"skinned":1,"impostors":0},"palettes":[{"bones":26,"visible":1,"capacity":256,"snapshotCapacity":2,"snapshotBankCapacity":1,"residentSnapshots":0,"snapshotSlotHighWater":0,"allocatedBytes":748480,"uploadedBytes":80,"snapshotUploadedBytes":0}]})
PASS  heavy-kit: walk-frames/walk frame 12/three-quarter: newly rendered frozen crop is byte-stable
PASS  heavy-kit: walk-frames/walk frame 13/front: production weighted pose submitted  ({"sampled":{"clip":"walk","phase":0.48148148148148145,"duration":0.8999999761581421},"lod":{"skinned":1,"impostors":0},"palettes":[{"bones":26,"visible":1,"capacity":256,"snapshotCapacity":2,"snapshotBankCapacity":1,"residentSnapshots":0,"snapshotSlotHighWater":0,"allocatedBytes":748480,"uploadedBytes":80,"snapshotUploadedBytes":0}]})
PASS  heavy-kit: walk-frames/walk frame 13/front: newly rendered frozen crop is byte-stable
PASS  heavy-kit: walk-frames/walk frame 13/right side: production weighted pose submitted  ({"sampled":{"clip":"walk","phase":0.48148148148148145,"duration":0.8999999761581421},"lod":{"skinned":1,"impostors":0},"palettes":[{"bones":26,"visible":1,"capacity":256,"snapshotCapacity":2,"snapshotBankCapacity":1,"residentSnapshots":0,"snapshotSlotHighWater":0,"allocatedBytes":748480,"uploadedBytes":80,"snapshotUploadedBytes":0}]})
PASS  heavy-kit: walk-frames/walk frame 13/right side: newly rendered frozen crop is byte-stable
PASS  heavy-kit: walk-frames/walk frame 13/rear: production weighted pose submitted  ({"sampled":{"clip":"walk","phase":0.48148148148148145,"duration":0.8999999761581421},"lod":{"skinned":1,"impostors":0},"palettes":[{"bones":26,"visible":1,"capacity":256,"snapshotCapacity":2,"snapshotBankCapacity":1,"residentSnapshots":0,"snapshotSlotHighWater":0,"allocatedBytes":748480,"uploadedBytes":80,"snapshotUploadedBytes":0}]})
PASS  heavy-kit: walk-frames/walk frame 13/rear: newly rendered frozen crop is byte-stable
PASS  heavy-kit: walk-frames/walk frame 13/three-quarter: production weighted pose submitted  ({"sampled":{"clip":"walk","phase":0.48148148148148145,"duration":0.8999999761581421},"lod":{"skinned":1,"impostors":0},"palettes":[{"bones":26,"visible":1,"capacity":256,"snapshotCapacity":2,"snapshotBankCapacity":1,"residentSnapshots":0,"snapshotSlotHighWater":0,"allocatedBytes":748480,"uploadedBytes":80,"snapshotUploadedBytes":0}]})
PASS  heavy-kit: walk-frames/walk frame 13/three-quarter: newly rendered frozen crop is byte-stable
PASS  heavy-kit: walk-frames/walk frame 14/front: production weighted pose submitted  ({"sampled":{"clip":"walk","phase":0.5185185185185185,"duration":0.8999999761581421},"lod":{"skinned":1,"impostors":0},"palettes":[{"bones":26,"visible":1,"capacity":256,"snapshotCapacity":2,"snapshotBankCapacity":1,"residentSnapshots":0,"snapshotSlotHighWater":0,"allocatedBytes":748480,"uploadedBytes":80,"snapshotUploadedBytes":0}]})
PASS  heavy-kit: walk-frames/walk frame 14/front: newly rendered frozen crop is byte-stable
PASS  heavy-kit: walk-frames/walk frame 14/right side: production weighted pose submitted  ({"sampled":{"clip":"walk","phase":0.5185185185185185,"duration":0.8999999761581421},"lod":{"skinned":1,"impostors":0},"palettes":[{"bones":26,"visible":1,"capacity":256,"snapshotCapacity":2,"snapshotBankCapacity":1,"residentSnapshots":0,"snapshotSlotHighWater":0,"allocatedBytes":748480,"uploadedBytes":80,"snapshotUploadedBytes":0}]})
PASS  heavy-kit: walk-frames/walk frame 14/right side: newly rendered frozen crop is byte-stable
PASS  heavy-kit: walk-frames/walk frame 14/rear: production weighted pose submitted  ({"sampled":{"clip":"walk","phase":0.5185185185185185,"duration":0.8999999761581421},"lod":{"skinned":1,"impostors":0},"palettes":[{"bones":26,"visible":1,"capacity":256,"snapshotCapacity":2,"snapshotBankCapacity":1,"residentSnapshots":0,"snapshotSlotHighWater":0,"allocatedBytes":748480,"uploadedBytes":80,"snapshotUploadedBytes":0}]})
PASS  heavy-kit: walk-frames/walk frame 14/rear: newly rendered frozen crop is byte-stable
PASS  heavy-kit: walk-frames/walk frame 14/three-quarter: production weighted pose submitted  ({"sampled":{"clip":"walk","phase":0.5185185185185185,"duration":0.8999999761581421},"lod":{"skinned":1,"impostors":0},"palettes":[{"bones":26,"visible":1,"capacity":256,"snapshotCapacity":2,"snapshotBankCapacity":1,"residentSnapshots":0,"snapshotSlotHighWater":0,"allocatedBytes":748480,"uploadedBytes":80,"snapshotUploadedBytes":0}]})
PASS  heavy-kit: walk-frames/walk frame 14/three-quarter: newly rendered frozen crop is byte-stable
PASS  heavy-kit: walk-frames/walk frame 15/front: production weighted pose submitted  ({"sampled":{"clip":"walk","phase":0.5555555555555556,"duration":0.8999999761581421},"lod":{"skinned":1,"impostors":0},"palettes":[{"bones":26,"visible":1,"capacity":256,"snapshotCapacity":2,"snapshotBankCapacity":1,"residentSnapshots":0,"snapshotSlotHighWater":0,"allocatedBytes":748480,"uploadedBytes":80,"snapshotUploadedBytes":0}]})
PASS  heavy-kit: walk-frames/walk frame 15/front: newly rendered frozen crop is byte-stable
PASS  heavy-kit: walk-frames/walk frame 15/right side: production weighted pose submitted  ({"sampled":{"clip":"walk","phase":0.5555555555555556,"duration":0.8999999761581421},"lod":{"skinned":1,"impostors":0},"palettes":[{"bones":26,"visible":1,"capacity":256,"snapshotCapacity":2,"snapshotBankCapacity":1,"residentSnapshots":0,"snapshotSlotHighWater":0,"allocatedBytes":748480,"uploadedBytes":80,"snapshotUploadedBytes":0}]})
PASS  heavy-kit: walk-frames/walk frame 15/right side: newly rendered frozen crop is byte-stable
PASS  heavy-kit: walk-frames/walk frame 15/rear: production weighted pose submitted  ({"sampled":{"clip":"walk","phase":0.5555555555555556,"duration":0.8999999761581421},"lod":{"skinned":1,"impostors":0},"palettes":[{"bones":26,"visible":1,"capacity":256,"snapshotCapacity":2,"snapshotBankCapacity":1,"residentSnapshots":0,"snapshotSlotHighWater":0,"allocatedBytes":748480,"uploadedBytes":80,"snapshotUploadedBytes":0}]})
PASS  heavy-kit: walk-frames/walk frame 15/rear: newly rendered frozen crop is byte-stable
PASS  heavy-kit: walk-frames/walk frame 15/three-quarter: production weighted pose submitted  ({"sampled":{"clip":"walk","phase":0.5555555555555556,"duration":0.8999999761581421},"lod":{"skinned":1,"impostors":0},"palettes":[{"bones":26,"visible":1,"capacity":256,"snapshotCapacity":2,"snapshotBankCapacity":1,"residentSnapshots":0,"snapshotSlotHighWater":0,"allocatedBytes":748480,"uploadedBytes":80,"snapshotUploadedBytes":0}]})
PASS  heavy-kit: walk-frames/walk frame 15/three-quarter: newly rendered frozen crop is byte-stable
PASS  heavy-kit: walk-frames/walk frame 16/front: production weighted pose submitted  ({"sampled":{"clip":"walk","phase":0.5925925925925926,"duration":0.8999999761581421},"lod":{"skinned":1,"impostors":0},"palettes":[{"bones":26,"visible":1,"capacity":256,"snapshotCapacity":2,"snapshotBankCapacity":1,"residentSnapshots":0,"snapshotSlotHighWater":0,"allocatedBytes":748480,"uploadedBytes":80,"snapshotUploadedBytes":0}]})
PASS  heavy-kit: walk-frames/walk frame 16/front: newly rendered frozen crop is byte-stable
PASS  heavy-kit: walk-frames/walk frame 16/right side: production weighted pose submitted  ({"sampled":{"clip":"walk","phase":0.5925925925925926,"duration":0.8999999761581421},"lod":{"skinned":1,"impostors":0},"palettes":[{"bones":26,"visible":1,"capacity":256,"snapshotCapacity":2,"snapshotBankCapacity":1,"residentSnapshots":0,"snapshotSlotHighWater":0,"allocatedBytes":748480,"uploadedBytes":80,"snapshotUploadedBytes":0}]})
PASS  heavy-kit: walk-frames/walk frame 16/right side: newly rendered frozen crop is byte-stable
PASS  heavy-kit: walk-frames/walk frame 16/rear: production weighted pose submitted  ({"sampled":{"clip":"walk","phase":0.5925925925925926,"duration":0.8999999761581421},"lod":{"skinned":1,"impostors":0},"palettes":[{"bones":26,"visible":1,"capacity":256,"snapshotCapacity":2,"snapshotBankCapacity":1,"residentSnapshots":0,"snapshotSlotHighWater":0,"allocatedBytes":748480,"uploadedBytes":80,"snapshotUploadedBytes":0}]})
PASS  heavy-kit: walk-frames/walk frame 16/rear: newly rendered frozen crop is byte-stable
PASS  heavy-kit: walk-frames/walk frame 16/three-quarter: production weighted pose submitted  ({"sampled":{"clip":"walk","phase":0.5925925925925926,"duration":0.8999999761581421},"lod":{"skinned":1,"impostors":0},"palettes":[{"bones":26,"visible":1,"capacity":256,"snapshotCapacity":2,"snapshotBankCapacity":1,"residentSnapshots":0,"snapshotSlotHighWater":0,"allocatedBytes":748480,"uploadedBytes":80,"snapshotUploadedBytes":0}]})
PASS  heavy-kit: walk-frames/walk frame 16/three-quarter: newly rendered frozen crop is byte-stable
PASS  heavy-kit: walk-frames/walk frame 17/front: production weighted pose submitted  ({"sampled":{"clip":"walk","phase":0.6296296296296297,"duration":0.8999999761581421},"lod":{"skinned":1,"impostors":0},"palettes":[{"bones":26,"visible":1,"capacity":256,"snapshotCapacity":2,"snapshotBankCapacity":1,"residentSnapshots":0,"snapshotSlotHighWater":0,"allocatedBytes":748480,"uploadedBytes":80,"snapshotUploadedBytes":0}]})
PASS  heavy-kit: walk-frames/walk frame 17/front: newly rendered frozen crop is byte-stable
PASS  heavy-kit: walk-frames/walk frame 17/right side: production weighted pose submitted  ({"sampled":{"clip":"walk","phase":0.6296296296296297,"duration":0.8999999761581421},"lod":{"skinned":1,"impostors":0},"palettes":[{"bones":26,"visible":1,"capacity":256,"snapshotCapacity":2,"snapshotBankCapacity":1,"residentSnapshots":0,"snapshotSlotHighWater":0,"allocatedBytes":748480,"uploadedBytes":80,"snapshotUploadedBytes":0}]})
PASS  heavy-kit: walk-frames/walk frame 17/right side: newly rendered frozen crop is byte-stable
PASS  heavy-kit: walk-frames/walk frame 17/rear: production weighted pose submitted  ({"sampled":{"clip":"walk","phase":0.6296296296296297,"duration":0.8999999761581421},"lod":{"skinned":1,"impostors":0},"palettes":[{"bones":26,"visible":1,"capacity":256,"snapshotCapacity":2,"snapshotBankCapacity":1,"residentSnapshots":0,"snapshotSlotHighWater":0,"allocatedBytes":748480,"uploadedBytes":80,"snapshotUploadedBytes":0}]})
PASS  heavy-kit: walk-frames/walk frame 17/rear: newly rendered frozen crop is byte-stable
PASS  heavy-kit: walk-frames/walk frame 17/three-quarter: production weighted pose submitted  ({"sampled":{"clip":"walk","phase":0.6296296296296297,"duration":0.8999999761581421},"lod":{"skinned":1,"impostors":0},"palettes":[{"bones":26,"visible":1,"capacity":256,"snapshotCapacity":2,"snapshotBankCapacity":1,"residentSnapshots":0,"snapshotSlotHighWater":0,"allocatedBytes":748480,"uploadedBytes":80,"snapshotUploadedBytes":0}]})
PASS  heavy-kit: walk-frames/walk frame 17/three-quarter: newly rendered frozen crop is byte-stable
PASS  heavy-kit: walk-frames/walk frame 18/front: production weighted pose submitted  ({"sampled":{"clip":"walk","phase":0.6666666666666666,"duration":0.8999999761581421},"lod":{"skinned":1,"impostors":0},"palettes":[{"bones":26,"visible":1,"capacity":256,"snapshotCapacity":2,"snapshotBankCapacity":1,"residentSnapshots":0,"snapshotSlotHighWater":0,"allocatedBytes":748480,"uploadedBytes":80,"snapshotUploadedBytes":0}]})
PASS  heavy-kit: walk-frames/walk frame 18/front: newly rendered frozen crop is byte-stable
PASS  heavy-kit: walk-frames/walk frame 18/right side: production weighted pose submitted  ({"sampled":{"clip":"walk","phase":0.6666666666666666,"duration":0.8999999761581421},"lod":{"skinned":1,"impostors":0},"palettes":[{"bones":26,"visible":1,"capacity":256,"snapshotCapacity":2,"snapshotBankCapacity":1,"residentSnapshots":0,"snapshotSlotHighWater":0,"allocatedBytes":748480,"uploadedBytes":80,"snapshotUploadedBytes":0}]})
PASS  heavy-kit: walk-frames/walk frame 18/right side: newly rendered frozen crop is byte-stable
PASS  heavy-kit: walk-frames/walk frame 18/rear: production weighted pose submitted  ({"sampled":{"clip":"walk","phase":0.6666666666666666,"duration":0.8999999761581421},"lod":{"skinned":1,"impostors":0},"palettes":[{"bones":26,"visible":1,"capacity":256,"snapshotCapacity":2,"snapshotBankCapacity":1,"residentSnapshots":0,"snapshotSlotHighWater":0,"allocatedBytes":748480,"uploadedBytes":80,"snapshotUploadedBytes":0}]})
PASS  heavy-kit: walk-frames/walk frame 18/rear: newly rendered frozen crop is byte-stable
PASS  heavy-kit: walk-frames/walk frame 18/three-quarter: production weighted pose submitted  ({"sampled":{"clip":"walk","phase":0.6666666666666666,"duration":0.8999999761581421},"lod":{"skinned":1,"impostors":0},"palettes":[{"bones":26,"visible":1,"capacity":256,"snapshotCapacity":2,"snapshotBankCapacity":1,"residentSnapshots":0,"snapshotSlotHighWater":0,"allocatedBytes":748480,"uploadedBytes":80,"snapshotUploadedBytes":0}]})
PASS  heavy-kit: walk-frames/walk frame 18/three-quarter: newly rendered frozen crop is byte-stable
PASS  heavy-kit: walk-frames/walk frame 19/front: production weighted pose submitted  ({"sampled":{"clip":"walk","phase":0.7037037037037037,"duration":0.8999999761581421},"lod":{"skinned":1,"impostors":0},"palettes":[{"bones":26,"visible":1,"capacity":256,"snapshotCapacity":2,"snapshotBankCapacity":1,"residentSnapshots":0,"snapshotSlotHighWater":0,"allocatedBytes":748480,"uploadedBytes":80,"snapshotUploadedBytes":0}]})
PASS  heavy-kit: walk-frames/walk frame 19/front: newly rendered frozen crop is byte-stable
PASS  heavy-kit: walk-frames/walk frame 19/right side: production weighted pose submitted  ({"sampled":{"clip":"walk","phase":0.7037037037037037,"duration":0.8999999761581421},"lod":{"skinned":1,"impostors":0},"palettes":[{"bones":26,"visible":1,"capacity":256,"snapshotCapacity":2,"snapshotBankCapacity":1,"residentSnapshots":0,"snapshotSlotHighWater":0,"allocatedBytes":748480,"uploadedBytes":80,"snapshotUploadedBytes":0}]})
PASS  heavy-kit: walk-frames/walk frame 19/right side: newly rendered frozen crop is byte-stable
PASS  heavy-kit: walk-frames/walk frame 19/rear: production weighted pose submitted  ({"sampled":{"clip":"walk","phase":0.7037037037037037,"duration":0.8999999761581421},"lod":{"skinned":1,"impostors":0},"palettes":[{"bones":26,"visible":1,"capacity":256,"snapshotCapacity":2,"snapshotBankCapacity":1,"residentSnapshots":0,"snapshotSlotHighWater":0,"allocatedBytes":748480,"uploadedBytes":80,"snapshotUploadedBytes":0}]})
PASS  heavy-kit: walk-frames/walk frame 19/rear: newly rendered frozen crop is byte-stable
PASS  heavy-kit: walk-frames/walk frame 19/three-quarter: production weighted pose submitted  ({"sampled":{"clip":"walk","phase":0.7037037037037037,"duration":0.8999999761581421},"lod":{"skinned":1,"impostors":0},"palettes":[{"bones":26,"visible":1,"capacity":256,"snapshotCapacity":2,"snapshotBankCapacity":1,"residentSnapshots":0,"snapshotSlotHighWater":0,"allocatedBytes":748480,"uploadedBytes":80,"snapshotUploadedBytes":0}]})
PASS  heavy-kit: walk-frames/walk frame 19/three-quarter: newly rendered frozen crop is byte-stable
PASS  heavy-kit: walk-frames/walk frame 20/front: production weighted pose submitted  ({"sampled":{"clip":"walk","phase":0.7407407407407407,"duration":0.8999999761581421},"lod":{"skinned":1,"impostors":0},"palettes":[{"bones":26,"visible":1,"capacity":256,"snapshotCapacity":2,"snapshotBankCapacity":1,"residentSnapshots":0,"snapshotSlotHighWater":0,"allocatedBytes":748480,"uploadedBytes":80,"snapshotUploadedBytes":0}]})
PASS  heavy-kit: walk-frames/walk frame 20/front: newly rendered frozen crop is byte-stable
PASS  heavy-kit: walk-frames/walk frame 20/right side: production weighted pose submitted  ({"sampled":{"clip":"walk","phase":0.7407407407407407,"duration":0.8999999761581421},"lod":{"skinned":1,"impostors":0},"palettes":[{"bones":26,"visible":1,"capacity":256,"snapshotCapacity":2,"snapshotBankCapacity":1,"residentSnapshots":0,"snapshotSlotHighWater":0,"allocatedBytes":748480,"uploadedBytes":80,"snapshotUploadedBytes":0}]})
PASS  heavy-kit: walk-frames/walk frame 20/right side: newly rendered frozen crop is byte-stable
PASS  heavy-kit: walk-frames/walk frame 20/rear: production weighted pose submitted  ({"sampled":{"clip":"walk","phase":0.7407407407407407,"duration":0.8999999761581421},"lod":{"skinned":1,"impostors":0},"palettes":[{"bones":26,"visible":1,"capacity":256,"snapshotCapacity":2,"snapshotBankCapacity":1,"residentSnapshots":0,"snapshotSlotHighWater":0,"allocatedBytes":748480,"uploadedBytes":80,"snapshotUploadedBytes":0}]})
PASS  heavy-kit: walk-frames/walk frame 20/rear: newly rendered frozen crop is byte-stable
PASS  heavy-kit: walk-frames/walk frame 20/three-quarter: production weighted pose submitted  ({"sampled":{"clip":"walk","phase":0.7407407407407407,"duration":0.8999999761581421},"lod":{"skinned":1,"impostors":0},"palettes":[{"bones":26,"visible":1,"capacity":256,"snapshotCapacity":2,"snapshotBankCapacity":1,"residentSnapshots":0,"snapshotSlotHighWater":0,"allocatedBytes":748480,"uploadedBytes":80,"snapshotUploadedBytes":0}]})
PASS  heavy-kit: walk-frames/walk frame 20/three-quarter: newly rendered frozen crop is byte-stable
PASS  heavy-kit: walk-frames/walk frame 21/front: production weighted pose submitted  ({"sampled":{"clip":"walk","phase":0.7777777777777778,"duration":0.8999999761581421},"lod":{"skinned":1,"impostors":0},"palettes":[{"bones":26,"visible":1,"capacity":256,"snapshotCapacity":2,"snapshotBankCapacity":1,"residentSnapshots":0,"snapshotSlotHighWater":0,"allocatedBytes":748480,"uploadedBytes":80,"snapshotUploadedBytes":0}]})
PASS  heavy-kit: walk-frames/walk frame 21/front: newly rendered frozen crop is byte-stable
PASS  heavy-kit: walk-frames/walk frame 21/right side: production weighted pose submitted  ({"sampled":{"clip":"walk","phase":0.7777777777777778,"duration":0.8999999761581421},"lod":{"skinned":1,"impostors":0},"palettes":[{"bones":26,"visible":1,"capacity":256,"snapshotCapacity":2,"snapshotBankCapacity":1,"residentSnapshots":0,"snapshotSlotHighWater":0,"allocatedBytes":748480,"uploadedBytes":80,"snapshotUploadedBytes":0}]})
PASS  heavy-kit: walk-frames/walk frame 21/right side: newly rendered frozen crop is byte-stable
PASS  heavy-kit: walk-frames/walk frame 21/rear: production weighted pose submitted  ({"sampled":{"clip":"walk","phase":0.7777777777777778,"duration":0.8999999761581421},"lod":{"skinned":1,"impostors":0},"palettes":[{"bones":26,"visible":1,"capacity":256,"snapshotCapacity":2,"snapshotBankCapacity":1,"residentSnapshots":0,"snapshotSlotHighWater":0,"allocatedBytes":748480,"uploadedBytes":80,"snapshotUploadedBytes":0}]})
PASS  heavy-kit: walk-frames/walk frame 21/rear: newly rendered frozen crop is byte-stable
PASS  heavy-kit: walk-frames/walk frame 21/three-quarter: production weighted pose submitted  ({"sampled":{"clip":"walk","phase":0.7777777777777778,"duration":0.8999999761581421},"lod":{"skinned":1,"impostors":0},"palettes":[{"bones":26,"visible":1,"capacity":256,"snapshotCapacity":2,"snapshotBankCapacity":1,"residentSnapshots":0,"snapshotSlotHighWater":0,"allocatedBytes":748480,"uploadedBytes":80,"snapshotUploadedBytes":0}]})
PASS  heavy-kit: walk-frames/walk frame 21/three-quarter: newly rendered frozen crop is byte-stable
PASS  heavy-kit: walk-frames/walk frame 22/front: production weighted pose submitted  ({"sampled":{"clip":"walk","phase":0.8148148148148148,"duration":0.8999999761581421},"lod":{"skinned":1,"impostors":0},"palettes":[{"bones":26,"visible":1,"capacity":256,"snapshotCapacity":2,"snapshotBankCapacity":1,"residentSnapshots":0,"snapshotSlotHighWater":0,"allocatedBytes":748480,"uploadedBytes":80,"snapshotUploadedBytes":0}]})
PASS  heavy-kit: walk-frames/walk frame 22/front: newly rendered frozen crop is byte-stable
PASS  heavy-kit: walk-frames/walk frame 22/right side: production weighted pose submitted  ({"sampled":{"clip":"walk","phase":0.8148148148148148,"duration":0.8999999761581421},"lod":{"skinned":1,"impostors":0},"palettes":[{"bones":26,"visible":1,"capacity":256,"snapshotCapacity":2,"snapshotBankCapacity":1,"residentSnapshots":0,"snapshotSlotHighWater":0,"allocatedBytes":748480,"uploadedBytes":80,"snapshotUploadedBytes":0}]})
PASS  heavy-kit: walk-frames/walk frame 22/right side: newly rendered frozen crop is byte-stable
PASS  heavy-kit: walk-frames/walk frame 22/rear: production weighted pose submitted  ({"sampled":{"clip":"walk","phase":0.8148148148148148,"duration":0.8999999761581421},"lod":{"skinned":1,"impostors":0},"palettes":[{"bones":26,"visible":1,"capacity":256,"snapshotCapacity":2,"snapshotBankCapacity":1,"residentSnapshots":0,"snapshotSlotHighWater":0,"allocatedBytes":748480,"uploadedBytes":80,"snapshotUploadedBytes":0}]})
PASS  heavy-kit: walk-frames/walk frame 22/rear: newly rendered frozen crop is byte-stable
PASS  heavy-kit: walk-frames/walk frame 22/three-quarter: production weighted pose submitted  ({"sampled":{"clip":"walk","phase":0.8148148148148148,"duration":0.8999999761581421},"lod":{"skinned":1,"impostors":0},"palettes":[{"bones":26,"visible":1,"capacity":256,"snapshotCapacity":2,"snapshotBankCapacity":1,"residentSnapshots":0,"snapshotSlotHighWater":0,"allocatedBytes":748480,"uploadedBytes":80,"snapshotUploadedBytes":0}]})
PASS  heavy-kit: walk-frames/walk frame 22/three-quarter: newly rendered frozen crop is byte-stable
PASS  heavy-kit: walk-frames/walk frame 23/front: production weighted pose submitted  ({"sampled":{"clip":"walk","phase":0.8518518518518519,"duration":0.8999999761581421},"lod":{"skinned":1,"impostors":0},"palettes":[{"bones":26,"visible":1,"capacity":256,"snapshotCapacity":2,"snapshotBankCapacity":1,"residentSnapshots":0,"snapshotSlotHighWater":0,"allocatedBytes":748480,"uploadedBytes":80,"snapshotUploadedBytes":0}]})
PASS  heavy-kit: walk-frames/walk frame 23/front: newly rendered frozen crop is byte-stable
PASS  heavy-kit: walk-frames/walk frame 23/right side: production weighted pose submitted  ({"sampled":{"clip":"walk","phase":0.8518518518518519,"duration":0.8999999761581421},"lod":{"skinned":1,"impostors":0},"palettes":[{"bones":26,"visible":1,"capacity":256,"snapshotCapacity":2,"snapshotBankCapacity":1,"residentSnapshots":0,"snapshotSlotHighWater":0,"allocatedBytes":748480,"uploadedBytes":80,"snapshotUploadedBytes":0}]})
PASS  heavy-kit: walk-frames/walk frame 23/right side: newly rendered frozen crop is byte-stable
PASS  heavy-kit: walk-frames/walk frame 23/rear: production weighted pose submitted  ({"sampled":{"clip":"walk","phase":0.8518518518518519,"duration":0.8999999761581421},"lod":{"skinned":1,"impostors":0},"palettes":[{"bones":26,"visible":1,"capacity":256,"snapshotCapacity":2,"snapshotBankCapacity":1,"residentSnapshots":0,"snapshotSlotHighWater":0,"allocatedBytes":748480,"uploadedBytes":80,"snapshotUploadedBytes":0}]})
PASS  heavy-kit: walk-frames/walk frame 23/rear: newly rendered frozen crop is byte-stable
PASS  heavy-kit: walk-frames/walk frame 23/three-quarter: production weighted pose submitted  ({"sampled":{"clip":"walk","phase":0.8518518518518519,"duration":0.8999999761581421},"lod":{"skinned":1,"impostors":0},"palettes":[{"bones":26,"visible":1,"capacity":256,"snapshotCapacity":2,"snapshotBankCapacity":1,"residentSnapshots":0,"snapshotSlotHighWater":0,"allocatedBytes":748480,"uploadedBytes":80,"snapshotUploadedBytes":0}]})
PASS  heavy-kit: walk-frames/walk frame 23/three-quarter: newly rendered frozen crop is byte-stable
PASS  heavy-kit: walk-frames/walk frame 24/front: production weighted pose submitted  ({"sampled":{"clip":"walk","phase":0.8888888888888888,"duration":0.8999999761581421},"lod":{"skinned":1,"impostors":0},"palettes":[{"bones":26,"visible":1,"capacity":256,"snapshotCapacity":2,"snapshotBankCapacity":1,"residentSnapshots":0,"snapshotSlotHighWater":0,"allocatedBytes":748480,"uploadedBytes":80,"snapshotUploadedBytes":0}]})
PASS  heavy-kit: walk-frames/walk frame 24/front: newly rendered frozen crop is byte-stable
PASS  heavy-kit: walk-frames/walk frame 24/right side: production weighted pose submitted  ({"sampled":{"clip":"walk","phase":0.8888888888888888,"duration":0.8999999761581421},"lod":{"skinned":1,"impostors":0},"palettes":[{"bones":26,"visible":1,"capacity":256,"snapshotCapacity":2,"snapshotBankCapacity":1,"residentSnapshots":0,"snapshotSlotHighWater":0,"allocatedBytes":748480,"uploadedBytes":80,"snapshotUploadedBytes":0}]})
PASS  heavy-kit: walk-frames/walk frame 24/right side: newly rendered frozen crop is byte-stable
PASS  heavy-kit: walk-frames/walk frame 24/rear: production weighted pose submitted  ({"sampled":{"clip":"walk","phase":0.8888888888888888,"duration":0.8999999761581421},"lod":{"skinned":1,"impostors":0},"palettes":[{"bones":26,"visible":1,"capacity":256,"snapshotCapacity":2,"snapshotBankCapacity":1,"residentSnapshots":0,"snapshotSlotHighWater":0,"allocatedBytes":748480,"uploadedBytes":80,"snapshotUploadedBytes":0}]})
PASS  heavy-kit: walk-frames/walk frame 24/rear: newly rendered frozen crop is byte-stable
PASS  heavy-kit: walk-frames/walk frame 24/three-quarter: production weighted pose submitted  ({"sampled":{"clip":"walk","phase":0.8888888888888888,"duration":0.8999999761581421},"lod":{"skinned":1,"impostors":0},"palettes":[{"bones":26,"visible":1,"capacity":256,"snapshotCapacity":2,"snapshotBankCapacity":1,"residentSnapshots":0,"snapshotSlotHighWater":0,"allocatedBytes":748480,"uploadedBytes":80,"snapshotUploadedBytes":0}]})
PASS  heavy-kit: walk-frames/walk frame 24/three-quarter: newly rendered frozen crop is byte-stable
PASS  heavy-kit: walk-frames/walk frame 25/front: production weighted pose submitted  ({"sampled":{"clip":"walk","phase":0.9259259259259259,"duration":0.8999999761581421},"lod":{"skinned":1,"impostors":0},"palettes":[{"bones":26,"visible":1,"capacity":256,"snapshotCapacity":2,"snapshotBankCapacity":1,"residentSnapshots":0,"snapshotSlotHighWater":0,"allocatedBytes":748480,"uploadedBytes":80,"snapshotUploadedBytes":0}]})
PASS  heavy-kit: walk-frames/walk frame 25/front: newly rendered frozen crop is byte-stable
PASS  heavy-kit: walk-frames/walk frame 25/right side: production weighted pose submitted  ({"sampled":{"clip":"walk","phase":0.9259259259259259,"duration":0.8999999761581421},"lod":{"skinned":1,"impostors":0},"palettes":[{"bones":26,"visible":1,"capacity":256,"snapshotCapacity":2,"snapshotBankCapacity":1,"residentSnapshots":0,"snapshotSlotHighWater":0,"allocatedBytes":748480,"uploadedBytes":80,"snapshotUploadedBytes":0}]})
PASS  heavy-kit: walk-frames/walk frame 25/right side: newly rendered frozen crop is byte-stable
PASS  heavy-kit: walk-frames/walk frame 25/rear: production weighted pose submitted  ({"sampled":{"clip":"walk","phase":0.9259259259259259,"duration":0.8999999761581421},"lod":{"skinned":1,"impostors":0},"palettes":[{"bones":26,"visible":1,"capacity":256,"snapshotCapacity":2,"snapshotBankCapacity":1,"residentSnapshots":0,"snapshotSlotHighWater":0,"allocatedBytes":748480,"uploadedBytes":80,"snapshotUploadedBytes":0}]})
PASS  heavy-kit: walk-frames/walk frame 25/rear: newly rendered frozen crop is byte-stable
PASS  heavy-kit: walk-frames/walk frame 25/three-quarter: production weighted pose submitted  ({"sampled":{"clip":"walk","phase":0.9259259259259259,"duration":0.8999999761581421},"lod":{"skinned":1,"impostors":0},"palettes":[{"bones":26,"visible":1,"capacity":256,"snapshotCapacity":2,"snapshotBankCapacity":1,"residentSnapshots":0,"snapshotSlotHighWater":0,"allocatedBytes":748480,"uploadedBytes":80,"snapshotUploadedBytes":0}]})
PASS  heavy-kit: walk-frames/walk frame 25/three-quarter: newly rendered frozen crop is byte-stable
PASS  heavy-kit: walk-frames/walk frame 26/front: production weighted pose submitted  ({"sampled":{"clip":"walk","phase":0.9629629629629629,"duration":0.8999999761581421},"lod":{"skinned":1,"impostors":0},"palettes":[{"bones":26,"visible":1,"capacity":256,"snapshotCapacity":2,"snapshotBankCapacity":1,"residentSnapshots":0,"snapshotSlotHighWater":0,"allocatedBytes":748480,"uploadedBytes":80,"snapshotUploadedBytes":0}]})
PASS  heavy-kit: walk-frames/walk frame 26/front: newly rendered frozen crop is byte-stable
PASS  heavy-kit: walk-frames/walk frame 26/right side: production weighted pose submitted  ({"sampled":{"clip":"walk","phase":0.9629629629629629,"duration":0.8999999761581421},"lod":{"skinned":1,"impostors":0},"palettes":[{"bones":26,"visible":1,"capacity":256,"snapshotCapacity":2,"snapshotBankCapacity":1,"residentSnapshots":0,"snapshotSlotHighWater":0,"allocatedBytes":748480,"uploadedBytes":80,"snapshotUploadedBytes":0}]})
PASS  heavy-kit: walk-frames/walk frame 26/right side: newly rendered frozen crop is byte-stable
PASS  heavy-kit: walk-frames/walk frame 26/rear: production weighted pose submitted  ({"sampled":{"clip":"walk","phase":0.9629629629629629,"duration":0.8999999761581421},"lod":{"skinned":1,"impostors":0},"palettes":[{"bones":26,"visible":1,"capacity":256,"snapshotCapacity":2,"snapshotBankCapacity":1,"residentSnapshots":0,"snapshotSlotHighWater":0,"allocatedBytes":748480,"uploadedBytes":80,"snapshotUploadedBytes":0}]})
PASS  heavy-kit: walk-frames/walk frame 26/rear: newly rendered frozen crop is byte-stable
PASS  heavy-kit: walk-frames/walk frame 26/three-quarter: production weighted pose submitted  ({"sampled":{"clip":"walk","phase":0.9629629629629629,"duration":0.8999999761581421},"lod":{"skinned":1,"impostors":0},"palettes":[{"bones":26,"visible":1,"capacity":256,"snapshotCapacity":2,"snapshotBankCapacity":1,"residentSnapshots":0,"snapshotSlotHighWater":0,"allocatedBytes":748480,"uploadedBytes":80,"snapshotUploadedBytes":0}]})
PASS  heavy-kit: walk-frames/walk frame 26/three-quarter: newly rendered frozen crop is byte-stable
PASS  heavy-kit: walk-frames/walk frame 27/front: production weighted pose submitted  ({"sampled":{"clip":"walk","phase":1,"duration":0.8999999761581421},"lod":{"skinned":1,"impostors":0},"palettes":[{"bones":26,"visible":1,"capacity":256,"snapshotCapacity":2,"snapshotBankCapacity":1,"residentSnapshots":0,"snapshotSlotHighWater":0,"allocatedBytes":748480,"uploadedBytes":80,"snapshotUploadedBytes":0}]})
PASS  heavy-kit: walk-frames/walk frame 27/front: newly rendered frozen crop is byte-stable
PASS  heavy-kit: walk-frames/walk frame 27/right side: production weighted pose submitted  ({"sampled":{"clip":"walk","phase":1,"duration":0.8999999761581421},"lod":{"skinned":1,"impostors":0},"palettes":[{"bones":26,"visible":1,"capacity":256,"snapshotCapacity":2,"snapshotBankCapacity":1,"residentSnapshots":0,"snapshotSlotHighWater":0,"allocatedBytes":748480,"uploadedBytes":80,"snapshotUploadedBytes":0}]})
PASS  heavy-kit: walk-frames/walk frame 27/right side: newly rendered frozen crop is byte-stable
PASS  heavy-kit: walk-frames/walk frame 27/rear: production weighted pose submitted  ({"sampled":{"clip":"walk","phase":1,"duration":0.8999999761581421},"lod":{"skinned":1,"impostors":0},"palettes":[{"bones":26,"visible":1,"capacity":256,"snapshotCapacity":2,"snapshotBankCapacity":1,"residentSnapshots":0,"snapshotSlotHighWater":0,"allocatedBytes":748480,"uploadedBytes":80,"snapshotUploadedBytes":0}]})
PASS  heavy-kit: walk-frames/walk frame 27/rear: newly rendered frozen crop is byte-stable
PASS  heavy-kit: walk-frames/walk frame 27/three-quarter: production weighted pose submitted  ({"sampled":{"clip":"walk","phase":1,"duration":0.8999999761581421},"lod":{"skinned":1,"impostors":0},"palettes":[{"bones":26,"visible":1,"capacity":256,"snapshotCapacity":2,"snapshotBankCapacity":1,"residentSnapshots":0,"snapshotSlotHighWater":0,"allocatedBytes":748480,"uploadedBytes":80,"snapshotUploadedBytes":0}]})
PASS  heavy-kit: walk-frames/walk frame 27/three-quarter: newly rendered frozen crop is byte-stable
FAIL  heavy-kit: snapshot shared/soldiers/heavy-kit/walk-frames  (8500421 px differ (18.5294%) — see shots/diff/shared/soldiers/heavy-kit/walk-frames.png)
PASS  heavy-kit: run-frames/run frame 0/front: production weighted pose submitted  ({"sampled":{"clip":"run","phase":0,"duration":0.800000011920929},"lod":{"skinned":1,"impostors":0},"palettes":[{"bones":26,"visible":1,"capacity":256,"snapshotCapacity":2,"snapshotBankCapacity":1,"residentSnapshots":0,"snapshotSlotHighWater":0,"allocatedBytes":748480,"uploadedBytes":80,"snapshotUploadedBytes":0}]})
PASS  heavy-kit: run-frames/run frame 0/front: newly rendered frozen crop is byte-stable
PASS  heavy-kit: run-frames/run frame 0/right side: production weighted pose submitted  ({"sampled":{"clip":"run","phase":0,"duration":0.800000011920929},"lod":{"skinned":1,"impostors":0},"palettes":[{"bones":26,"visible":1,"capacity":256,"snapshotCapacity":2,"snapshotBankCapacity":1,"residentSnapshots":0,"snapshotSlotHighWater":0,"allocatedBytes":748480,"uploadedBytes":80,"snapshotUploadedBytes":0}]})
PASS  heavy-kit: run-frames/run frame 0/right side: newly rendered frozen crop is byte-stable
PASS  heavy-kit: run-frames/run frame 0/rear: production weighted pose submitted  ({"sampled":{"clip":"run","phase":0,"duration":0.800000011920929},"lod":{"skinned":1,"impostors":0},"palettes":[{"bones":26,"visible":1,"capacity":256,"snapshotCapacity":2,"snapshotBankCapacity":1,"residentSnapshots":0,"snapshotSlotHighWater":0,"allocatedBytes":748480,"uploadedBytes":80,"snapshotUploadedBytes":0}]})
PASS  heavy-kit: run-frames/run frame 0/rear: newly rendered frozen crop is byte-stable
PASS  heavy-kit: run-frames/run frame 0/three-quarter: production weighted pose submitted  ({"sampled":{"clip":"run","phase":0,"duration":0.800000011920929},"lod":{"skinned":1,"impostors":0},"palettes":[{"bones":26,"visible":1,"capacity":256,"snapshotCapacity":2,"snapshotBankCapacity":1,"residentSnapshots":0,"snapshotSlotHighWater":0,"allocatedBytes":748480,"uploadedBytes":80,"snapshotUploadedBytes":0}]})
PASS  heavy-kit: run-frames/run frame 0/three-quarter: newly rendered frozen crop is byte-stable
PASS  heavy-kit: run-frames/run frame 1/front: production weighted pose submitted  ({"sampled":{"clip":"run","phase":0.041666666666666664,"duration":0.800000011920929},"lod":{"skinned":1,"impostors":0},"palettes":[{"bones":26,"visible":1,"capacity":256,"snapshotCapacity":2,"snapshotBankCapacity":1,"residentSnapshots":0,"snapshotSlotHighWater":0,"allocatedBytes":748480,"uploadedBytes":80,"snapshotUploadedBytes":0}]})
PASS  heavy-kit: run-frames/run frame 1/front: newly rendered frozen crop is byte-stable
PASS  heavy-kit: run-frames/run frame 1/right side: production weighted pose submitted  ({"sampled":{"clip":"run","phase":0.041666666666666664,"duration":0.800000011920929},"lod":{"skinned":1,"impostors":0},"palettes":[{"bones":26,"visible":1,"capacity":256,"snapshotCapacity":2,"snapshotBankCapacity":1,"residentSnapshots":0,"snapshotSlotHighWater":0,"allocatedBytes":748480,"uploadedBytes":80,"snapshotUploadedBytes":0}]})
PASS  heavy-kit: run-frames/run frame 1/right side: newly rendered frozen crop is byte-stable
PASS  heavy-kit: run-frames/run frame 1/rear: production weighted pose submitted  ({"sampled":{"clip":"run","phase":0.041666666666666664,"duration":0.800000011920929},"lod":{"skinned":1,"impostors":0},"palettes":[{"bones":26,"visible":1,"capacity":256,"snapshotCapacity":2,"snapshotBankCapacity":1,"residentSnapshots":0,"snapshotSlotHighWater":0,"allocatedBytes":748480,"uploadedBytes":80,"snapshotUploadedBytes":0}]})
PASS  heavy-kit: run-frames/run frame 1/rear: newly rendered frozen crop is byte-stable
PASS  heavy-kit: run-frames/run frame 1/three-quarter: production weighted pose submitted  ({"sampled":{"clip":"run","phase":0.041666666666666664,"duration":0.800000011920929},"lod":{"skinned":1,"impostors":0},"palettes":[{"bones":26,"visible":1,"capacity":256,"snapshotCapacity":2,"snapshotBankCapacity":1,"residentSnapshots":0,"snapshotSlotHighWater":0,"allocatedBytes":748480,"uploadedBytes":80,"snapshotUploadedBytes":0}]})
PASS  heavy-kit: run-frames/run frame 1/three-quarter: newly rendered frozen crop is byte-stable
PASS  heavy-kit: run-frames/run frame 2/front: production weighted pose submitted  ({"sampled":{"clip":"run","phase":0.08333333333333333,"duration":0.800000011920929},"lod":{"skinned":1,"impostors":0},"palettes":[{"bones":26,"visible":1,"capacity":256,"snapshotCapacity":2,"snapshotBankCapacity":1,"residentSnapshots":0,"snapshotSlotHighWater":0,"allocatedBytes":748480,"uploadedBytes":80,"snapshotUploadedBytes":0}]})
PASS  heavy-kit: run-frames/run frame 2/front: newly rendered frozen crop is byte-stable
PASS  heavy-kit: run-frames/run frame 2/right side: production weighted pose submitted  ({"sampled":{"clip":"run","phase":0.08333333333333333,"duration":0.800000011920929},"lod":{"skinned":1,"impostors":0},"palettes":[{"bones":26,"visible":1,"capacity":256,"snapshotCapacity":2,"snapshotBankCapacity":1,"residentSnapshots":0,"snapshotSlotHighWater":0,"allocatedBytes":748480,"uploadedBytes":80,"snapshotUploadedBytes":0}]})
PASS  heavy-kit: run-frames/run frame 2/right side: newly rendered frozen crop is byte-stable
PASS  heavy-kit: run-frames/run frame 2/rear: production weighted pose submitted  ({"sampled":{"clip":"run","phase":0.08333333333333333,"duration":0.800000011920929},"lod":{"skinned":1,"impostors":0},"palettes":[{"bones":26,"visible":1,"capacity":256,"snapshotCapacity":2,"snapshotBankCapacity":1,"residentSnapshots":0,"snapshotSlotHighWater":0,"allocatedBytes":748480,"uploadedBytes":80,"snapshotUploadedBytes":0}]})
PASS  heavy-kit: run-frames/run frame 2/rear: newly rendered frozen crop is byte-stable
PASS  heavy-kit: run-frames/run frame 2/three-quarter: production weighted pose submitted  ({"sampled":{"clip":"run","phase":0.08333333333333333,"duration":0.800000011920929},"lod":{"skinned":1,"impostors":0},"palettes":[{"bones":26,"visible":1,"capacity":256,"snapshotCapacity":2,"snapshotBankCapacity":1,"residentSnapshots":0,"snapshotSlotHighWater":0,"allocatedBytes":748480,"uploadedBytes":80,"snapshotUploadedBytes":0}]})
PASS  heavy-kit: run-frames/run frame 2/three-quarter: newly rendered frozen crop is byte-stable
PASS  heavy-kit: run-frames/run frame 3/front: production weighted pose submitted  ({"sampled":{"clip":"run","phase":0.125,"duration":0.800000011920929},"lod":{"skinned":1,"impostors":0},"palettes":[{"bones":26,"visible":1,"capacity":256,"snapshotCapacity":2,"snapshotBankCapacity":1,"residentSnapshots":0,"snapshotSlotHighWater":0,"allocatedBytes":748480,"uploadedBytes":80,"snapshotUploadedBytes":0}]})
PASS  heavy-kit: run-frames/run frame 3/front: newly rendered frozen crop is byte-stable
PASS  heavy-kit: run-frames/run frame 3/right side: production weighted pose submitted  ({"sampled":{"clip":"run","phase":0.125,"duration":0.800000011920929},"lod":{"skinned":1,"impostors":0},"palettes":[{"bones":26,"visible":1,"capacity":256,"snapshotCapacity":2,"snapshotBankCapacity":1,"residentSnapshots":0,"snapshotSlotHighWater":0,"allocatedBytes":748480,"uploadedBytes":80,"snapshotUploadedBytes":0}]})
PASS  heavy-kit: run-frames/run frame 3/right side: newly rendered frozen crop is byte-stable
PASS  heavy-kit: run-frames/run frame 3/rear: production weighted pose submitted  ({"sampled":{"clip":"run","phase":0.125,"duration":0.800000011920929},"lod":{"skinned":1,"impostors":0},"palettes":[{"bones":26,"visible":1,"capacity":256,"snapshotCapacity":2,"snapshotBankCapacity":1,"residentSnapshots":0,"snapshotSlotHighWater":0,"allocatedBytes":748480,"uploadedBytes":80,"snapshotUploadedBytes":0}]})
PASS  heavy-kit: run-frames/run frame 3/rear: newly rendered frozen crop is byte-stable
PASS  heavy-kit: run-frames/run frame 3/three-quarter: production weighted pose submitted  ({"sampled":{"clip":"run","phase":0.125,"duration":0.800000011920929},"lod":{"skinned":1,"impostors":0},"palettes":[{"bones":26,"visible":1,"capacity":256,"snapshotCapacity":2,"snapshotBankCapacity":1,"residentSnapshots":0,"snapshotSlotHighWater":0,"allocatedBytes":748480,"uploadedBytes":80,"snapshotUploadedBytes":0}]})
PASS  heavy-kit: run-frames/run frame 3/three-quarter: newly rendered frozen crop is byte-stable
PASS  heavy-kit: run-frames/run frame 4/front: production weighted pose submitted  ({"sampled":{"clip":"run","phase":0.16666666666666666,"duration":0.800000011920929},"lod":{"skinned":1,"impostors":0},"palettes":[{"bones":26,"visible":1,"capacity":256,"snapshotCapacity":2,"snapshotBankCapacity":1,"residentSnapshots":0,"snapshotSlotHighWater":0,"allocatedBytes":748480,"uploadedBytes":80,"snapshotUploadedBytes":0}]})
PASS  heavy-kit: run-frames/run frame 4/front: newly rendered frozen crop is byte-stable
PASS  heavy-kit: run-frames/run frame 4/right side: production weighted pose submitted  ({"sampled":{"clip":"run","phase":0.16666666666666666,"duration":0.800000011920929},"lod":{"skinned":1,"impostors":0},"palettes":[{"bones":26,"visible":1,"capacity":256,"snapshotCapacity":2,"snapshotBankCapacity":1,"residentSnapshots":0,"snapshotSlotHighWater":0,"allocatedBytes":748480,"uploadedBytes":80,"snapshotUploadedBytes":0}]})
PASS  heavy-kit: run-frames/run frame 4/right side: newly rendered frozen crop is byte-stable
PASS  heavy-kit: run-frames/run frame 4/rear: production weighted pose submitted  ({"sampled":{"clip":"run","phase":0.16666666666666666,"duration":0.800000011920929},"lod":{"skinned":1,"impostors":0},"palettes":[{"bones":26,"visible":1,"capacity":256,"snapshotCapacity":2,"snapshotBankCapacity":1,"residentSnapshots":0,"snapshotSlotHighWater":0,"allocatedBytes":748480,"uploadedBytes":80,"snapshotUploadedBytes":0}]})
PASS  heavy-kit: run-frames/run frame 4/rear: newly rendered frozen crop is byte-stable
PASS  heavy-kit: run-frames/run frame 4/three-quarter: production weighted pose submitted  ({"sampled":{"clip":"run","phase":0.16666666666666666,"duration":0.800000011920929},"lod":{"skinned":1,"impostors":0},"palettes":[{"bones":26,"visible":1,"capacity":256,"snapshotCapacity":2,"snapshotBankCapacity":1,"residentSnapshots":0,"snapshotSlotHighWater":0,"allocatedBytes":748480,"uploadedBytes":80,"snapshotUploadedBytes":0}]})
PASS  heavy-kit: run-frames/run frame 4/three-quarter: newly rendered frozen crop is byte-stable
PASS  heavy-kit: run-frames/run frame 5/front: production weighted pose submitted  ({"sampled":{"clip":"run","phase":0.20833333333333334,"duration":0.800000011920929},"lod":{"skinned":1,"impostors":0},"palettes":[{"bones":26,"visible":1,"capacity":256,"snapshotCapacity":2,"snapshotBankCapacity":1,"residentSnapshots":0,"snapshotSlotHighWater":0,"allocatedBytes":748480,"uploadedBytes":80,"snapshotUploadedBytes":0}]})
PASS  heavy-kit: run-frames/run frame 5/front: newly rendered frozen crop is byte-stable
PASS  heavy-kit: run-frames/run frame 5/right side: production weighted pose submitted  ({"sampled":{"clip":"run","phase":0.20833333333333334,"duration":0.800000011920929},"lod":{"skinned":1,"impostors":0},"palettes":[{"bones":26,"visible":1,"capacity":256,"snapshotCapacity":2,"snapshotBankCapacity":1,"residentSnapshots":0,"snapshotSlotHighWater":0,"allocatedBytes":748480,"uploadedBytes":80,"snapshotUploadedBytes":0}]})
PASS  heavy-kit: run-frames/run frame 5/right side: newly rendered frozen crop is byte-stable
PASS  heavy-kit: run-frames/run frame 5/rear: production weighted pose submitted  ({"sampled":{"clip":"run","phase":0.20833333333333334,"duration":0.800000011920929},"lod":{"skinned":1,"impostors":0},"palettes":[{"bones":26,"visible":1,"capacity":256,"snapshotCapacity":2,"snapshotBankCapacity":1,"residentSnapshots":0,"snapshotSlotHighWater":0,"allocatedBytes":748480,"uploadedBytes":80,"snapshotUploadedBytes":0}]})
PASS  heavy-kit: run-frames/run frame 5/rear: newly rendered frozen crop is byte-stable
PASS  heavy-kit: run-frames/run frame 5/three-quarter: production weighted pose submitted  ({"sampled":{"clip":"run","phase":0.20833333333333334,"duration":0.800000011920929},"lod":{"skinned":1,"impostors":0},"palettes":[{"bones":26,"visible":1,"capacity":256,"snapshotCapacity":2,"snapshotBankCapacity":1,"residentSnapshots":0,"snapshotSlotHighWater":0,"allocatedBytes":748480,"uploadedBytes":80,"snapshotUploadedBytes":0}]})
PASS  heavy-kit: run-frames/run frame 5/three-quarter: newly rendered frozen crop is byte-stable
PASS  heavy-kit: run-frames/run frame 6/front: production weighted pose submitted  ({"sampled":{"clip":"run","phase":0.25,"duration":0.800000011920929},"lod":{"skinned":1,"impostors":0},"palettes":[{"bones":26,"visible":1,"capacity":256,"snapshotCapacity":2,"snapshotBankCapacity":1,"residentSnapshots":0,"snapshotSlotHighWater":0,"allocatedBytes":748480,"uploadedBytes":80,"snapshotUploadedBytes":0}]})
PASS  heavy-kit: run-frames/run frame 6/front: newly rendered frozen crop is byte-stable
PASS  heavy-kit: run-frames/run frame 6/right side: production weighted pose submitted  ({"sampled":{"clip":"run","phase":0.25,"duration":0.800000011920929},"lod":{"skinned":1,"impostors":0},"palettes":[{"bones":26,"visible":1,"capacity":256,"snapshotCapacity":2,"snapshotBankCapacity":1,"residentSnapshots":0,"snapshotSlotHighWater":0,"allocatedBytes":748480,"uploadedBytes":80,"snapshotUploadedBytes":0}]})
PASS  heavy-kit: run-frames/run frame 6/right side: newly rendered frozen crop is byte-stable
PASS  heavy-kit: run-frames/run frame 6/rear: production weighted pose submitted  ({"sampled":{"clip":"run","phase":0.25,"duration":0.800000011920929},"lod":{"skinned":1,"impostors":0},"palettes":[{"bones":26,"visible":1,"capacity":256,"snapshotCapacity":2,"snapshotBankCapacity":1,"residentSnapshots":0,"snapshotSlotHighWater":0,"allocatedBytes":748480,"uploadedBytes":80,"snapshotUploadedBytes":0}]})
PASS  heavy-kit: run-frames/run frame 6/rear: newly rendered frozen crop is byte-stable
PASS  heavy-kit: run-frames/run frame 6/three-quarter: production weighted pose submitted  ({"sampled":{"clip":"run","phase":0.25,"duration":0.800000011920929},"lod":{"skinned":1,"impostors":0},"palettes":[{"bones":26,"visible":1,"capacity":256,"snapshotCapacity":2,"snapshotBankCapacity":1,"residentSnapshots":0,"snapshotSlotHighWater":0,"allocatedBytes":748480,"uploadedBytes":80,"snapshotUploadedBytes":0}]})
PASS  heavy-kit: run-frames/run frame 6/three-quarter: newly rendered frozen crop is byte-stable
PASS  heavy-kit: run-frames/run frame 7/front: production weighted pose submitted  ({"sampled":{"clip":"run","phase":0.2916666666666667,"duration":0.800000011920929},"lod":{"skinned":1,"impostors":0},"palettes":[{"bones":26,"visible":1,"capacity":256,"snapshotCapacity":2,"snapshotBankCapacity":1,"residentSnapshots":0,"snapshotSlotHighWater":0,"allocatedBytes":748480,"uploadedBytes":80,"snapshotUploadedBytes":0}]})
PASS  heavy-kit: run-frames/run frame 7/front: newly rendered frozen crop is byte-stable
PASS  heavy-kit: run-frames/run frame 7/right side: production weighted pose submitted  ({"sampled":{"clip":"run","phase":0.2916666666666667,"duration":0.800000011920929},"lod":{"skinned":1,"impostors":0},"palettes":[{"bones":26,"visible":1,"capacity":256,"snapshotCapacity":2,"snapshotBankCapacity":1,"residentSnapshots":0,"snapshotSlotHighWater":0,"allocatedBytes":748480,"uploadedBytes":80,"snapshotUploadedBytes":0}]})
PASS  heavy-kit: run-frames/run frame 7/right side: newly rendered frozen crop is byte-stable
PASS  heavy-kit: run-frames/run frame 7/rear: production weighted pose submitted  ({"sampled":{"clip":"run","phase":0.2916666666666667,"duration":0.800000011920929},"lod":{"skinned":1,"impostors":0},"palettes":[{"bones":26,"visible":1,"capacity":256,"snapshotCapacity":2,"snapshotBankCapacity":1,"residentSnapshots":0,"snapshotSlotHighWater":0,"allocatedBytes":748480,"uploadedBytes":80,"snapshotUploadedBytes":0}]})
PASS  heavy-kit: run-frames/run frame 7/rear: newly rendered frozen crop is byte-stable
PASS  heavy-kit: run-frames/run frame 7/three-quarter: production weighted pose submitted  ({"sampled":{"clip":"run","phase":0.2916666666666667,"duration":0.800000011920929},"lod":{"skinned":1,"impostors":0},"palettes":[{"bones":26,"visible":1,"capacity":256,"snapshotCapacity":2,"snapshotBankCapacity":1,"residentSnapshots":0,"snapshotSlotHighWater":0,"allocatedBytes":748480,"uploadedBytes":80,"snapshotUploadedBytes":0}]})
PASS  heavy-kit: run-frames/run frame 7/three-quarter: newly rendered frozen crop is byte-stable
PASS  heavy-kit: run-frames/run frame 8/front: production weighted pose submitted  ({"sampled":{"clip":"run","phase":0.3333333333333333,"duration":0.800000011920929},"lod":{"skinned":1,"impostors":0},"palettes":[{"bones":26,"visible":1,"capacity":256,"snapshotCapacity":2,"snapshotBankCapacity":1,"residentSnapshots":0,"snapshotSlotHighWater":0,"allocatedBytes":748480,"uploadedBytes":80,"snapshotUploadedBytes":0}]})
PASS  heavy-kit: run-frames/run frame 8/front: newly rendered frozen crop is byte-stable
PASS  heavy-kit: run-frames/run frame 8/right side: production weighted pose submitted  ({"sampled":{"clip":"run","phase":0.3333333333333333,"duration":0.800000011920929},"lod":{"skinned":1,"impostors":0},"palettes":[{"bones":26,"visible":1,"capacity":256,"snapshotCapacity":2,"snapshotBankCapacity":1,"residentSnapshots":0,"snapshotSlotHighWater":0,"allocatedBytes":748480,"uploadedBytes":80,"snapshotUploadedBytes":0}]})
PASS  heavy-kit: run-frames/run frame 8/right side: newly rendered frozen crop is byte-stable
PASS  heavy-kit: run-frames/run frame 8/rear: production weighted pose submitted  ({"sampled":{"clip":"run","phase":0.3333333333333333,"duration":0.800000011920929},"lod":{"skinned":1,"impostors":0},"palettes":[{"bones":26,"visible":1,"capacity":256,"snapshotCapacity":2,"snapshotBankCapacity":1,"residentSnapshots":0,"snapshotSlotHighWater":0,"allocatedBytes":748480,"uploadedBytes":80,"snapshotUploadedBytes":0}]})
PASS  heavy-kit: run-frames/run frame 8/rear: newly rendered frozen crop is byte-stable
PASS  heavy-kit: run-frames/run frame 8/three-quarter: production weighted pose submitted  ({"sampled":{"clip":"run","phase":0.3333333333333333,"duration":0.800000011920929},"lod":{"skinned":1,"impostors":0},"palettes":[{"bones":26,"visible":1,"capacity":256,"snapshotCapacity":2,"snapshotBankCapacity":1,"residentSnapshots":0,"snapshotSlotHighWater":0,"allocatedBytes":748480,"uploadedBytes":80,"snapshotUploadedBytes":0}]})
PASS  heavy-kit: run-frames/run frame 8/three-quarter: newly rendered frozen crop is byte-stable
PASS  heavy-kit: run-frames/run frame 9/front: production weighted pose submitted  ({"sampled":{"clip":"run","phase":0.375,"duration":0.800000011920929},"lod":{"skinned":1,"impostors":0},"palettes":[{"bones":26,"visible":1,"capacity":256,"snapshotCapacity":2,"snapshotBankCapacity":1,"residentSnapshots":0,"snapshotSlotHighWater":0,"allocatedBytes":748480,"uploadedBytes":80,"snapshotUploadedBytes":0}]})
PASS  heavy-kit: run-frames/run frame 9/front: newly rendered frozen crop is byte-stable
PASS  heavy-kit: run-frames/run frame 9/right side: production weighted pose submitted  ({"sampled":{"clip":"run","phase":0.375,"duration":0.800000011920929},"lod":{"skinned":1,"impostors":0},"palettes":[{"bones":26,"visible":1,"capacity":256,"snapshotCapacity":2,"snapshotBankCapacity":1,"residentSnapshots":0,"snapshotSlotHighWater":0,"allocatedBytes":748480,"uploadedBytes":80,"snapshotUploadedBytes":0}]})
PASS  heavy-kit: run-frames/run frame 9/right side: newly rendered frozen crop is byte-stable
PASS  heavy-kit: run-frames/run frame 9/rear: production weighted pose submitted  ({"sampled":{"clip":"run","phase":0.375,"duration":0.800000011920929},"lod":{"skinned":1,"impostors":0},"palettes":[{"bones":26,"visible":1,"capacity":256,"snapshotCapacity":2,"snapshotBankCapacity":1,"residentSnapshots":0,"snapshotSlotHighWater":0,"allocatedBytes":748480,"uploadedBytes":80,"snapshotUploadedBytes":0}]})
PASS  heavy-kit: run-frames/run frame 9/rear: newly rendered frozen crop is byte-stable
PASS  heavy-kit: run-frames/run frame 9/three-quarter: production weighted pose submitted  ({"sampled":{"clip":"run","phase":0.375,"duration":0.800000011920929},"lod":{"skinned":1,"impostors":0},"palettes":[{"bones":26,"visible":1,"capacity":256,"snapshotCapacity":2,"snapshotBankCapacity":1,"residentSnapshots":0,"snapshotSlotHighWater":0,"allocatedBytes":748480,"uploadedBytes":80,"snapshotUploadedBytes":0}]})
PASS  heavy-kit: run-frames/run frame 9/three-quarter: newly rendered frozen crop is byte-stable
PASS  heavy-kit: run-frames/run frame 10/front: production weighted pose submitted  ({"sampled":{"clip":"run","phase":0.4166666666666667,"duration":0.800000011920929},"lod":{"skinned":1,"impostors":0},"palettes":[{"bones":26,"visible":1,"capacity":256,"snapshotCapacity":2,"snapshotBankCapacity":1,"residentSnapshots":0,"snapshotSlotHighWater":0,"allocatedBytes":748480,"uploadedBytes":80,"snapshotUploadedBytes":0}]})
PASS  heavy-kit: run-frames/run frame 10/front: newly rendered frozen crop is byte-stable
PASS  heavy-kit: run-frames/run frame 10/right side: production weighted pose submitted  ({"sampled":{"clip":"run","phase":0.4166666666666667,"duration":0.800000011920929},"lod":{"skinned":1,"impostors":0},"palettes":[{"bones":26,"visible":1,"capacity":256,"snapshotCapacity":2,"snapshotBankCapacity":1,"residentSnapshots":0,"snapshotSlotHighWater":0,"allocatedBytes":748480,"uploadedBytes":80,"snapshotUploadedBytes":0}]})
PASS  heavy-kit: run-frames/run frame 10/right side: newly rendered frozen crop is byte-stable
PASS  heavy-kit: run-frames/run frame 10/rear: production weighted pose submitted  ({"sampled":{"clip":"run","phase":0.4166666666666667,"duration":0.800000011920929},"lod":{"skinned":1,"impostors":0},"palettes":[{"bones":26,"visible":1,"capacity":256,"snapshotCapacity":2,"snapshotBankCapacity":1,"residentSnapshots":0,"snapshotSlotHighWater":0,"allocatedBytes":748480,"uploadedBytes":80,"snapshotUploadedBytes":0}]})
PASS  heavy-kit: run-frames/run frame 10/rear: newly rendered frozen crop is byte-stable
PASS  heavy-kit: run-frames/run frame 10/three-quarter: production weighted pose submitted  ({"sampled":{"clip":"run","phase":0.4166666666666667,"duration":0.800000011920929},"lod":{"skinned":1,"impostors":0},"palettes":[{"bones":26,"visible":1,"capacity":256,"snapshotCapacity":2,"snapshotBankCapacity":1,"residentSnapshots":0,"snapshotSlotHighWater":0,"allocatedBytes":748480,"uploadedBytes":80,"snapshotUploadedBytes":0}]})
PASS  heavy-kit: run-frames/run frame 10/three-quarter: newly rendered frozen crop is byte-stable
PASS  heavy-kit: run-frames/run frame 11/front: production weighted pose submitted  ({"sampled":{"clip":"run","phase":0.4583333333333333,"duration":0.800000011920929},"lod":{"skinned":1,"impostors":0},"palettes":[{"bones":26,"visible":1,"capacity":256,"snapshotCapacity":2,"snapshotBankCapacity":1,"residentSnapshots":0,"snapshotSlotHighWater":0,"allocatedBytes":748480,"uploadedBytes":80,"snapshotUploadedBytes":0}]})
PASS  heavy-kit: run-frames/run frame 11/front: newly rendered frozen crop is byte-stable
PASS  heavy-kit: run-frames/run frame 11/right side: production weighted pose submitted  ({"sampled":{"clip":"run","phase":0.4583333333333333,"duration":0.800000011920929},"lod":{"skinned":1,"impostors":0},"palettes":[{"bones":26,"visible":1,"capacity":256,"snapshotCapacity":2,"snapshotBankCapacity":1,"residentSnapshots":0,"snapshotSlotHighWater":0,"allocatedBytes":748480,"uploadedBytes":80,"snapshotUploadedBytes":0}]})
PASS  heavy-kit: run-frames/run frame 11/right side: newly rendered frozen crop is byte-stable
PASS  heavy-kit: run-frames/run frame 11/rear: production weighted pose submitted  ({"sampled":{"clip":"run","phase":0.4583333333333333,"duration":0.800000011920929},"lod":{"skinned":1,"impostors":0},"palettes":[{"bones":26,"visible":1,"capacity":256,"snapshotCapacity":2,"snapshotBankCapacity":1,"residentSnapshots":0,"snapshotSlotHighWater":0,"allocatedBytes":748480,"uploadedBytes":80,"snapshotUploadedBytes":0}]})
PASS  heavy-kit: run-frames/run frame 11/rear: newly rendered frozen crop is byte-stable
PASS  heavy-kit: run-frames/run frame 11/three-quarter: production weighted pose submitted  ({"sampled":{"clip":"run","phase":0.4583333333333333,"duration":0.800000011920929},"lod":{"skinned":1,"impostors":0},"palettes":[{"bones":26,"visible":1,"capacity":256,"snapshotCapacity":2,"snapshotBankCapacity":1,"residentSnapshots":0,"snapshotSlotHighWater":0,"allocatedBytes":748480,"uploadedBytes":80,"snapshotUploadedBytes":0}]})
PASS  heavy-kit: run-frames/run frame 11/three-quarter: newly rendered frozen crop is byte-stable
PASS  heavy-kit: run-frames/run frame 12/front: production weighted pose submitted  ({"sampled":{"clip":"run","phase":0.5,"duration":0.800000011920929},"lod":{"skinned":1,"impostors":0},"palettes":[{"bones":26,"visible":1,"capacity":256,"snapshotCapacity":2,"snapshotBankCapacity":1,"residentSnapshots":0,"snapshotSlotHighWater":0,"allocatedBytes":748480,"uploadedBytes":80,"snapshotUploadedBytes":0}]})
PASS  heavy-kit: run-frames/run frame 12/front: newly rendered frozen crop is byte-stable
PASS  heavy-kit: run-frames/run frame 12/right side: production weighted pose submitted  ({"sampled":{"clip":"run","phase":0.5,"duration":0.800000011920929},"lod":{"skinned":1,"impostors":0},"palettes":[{"bones":26,"visible":1,"capacity":256,"snapshotCapacity":2,"snapshotBankCapacity":1,"residentSnapshots":0,"snapshotSlotHighWater":0,"allocatedBytes":748480,"uploadedBytes":80,"snapshotUploadedBytes":0}]})
PASS  heavy-kit: run-frames/run frame 12/right side: newly rendered frozen crop is byte-stable
PASS  heavy-kit: run-frames/run frame 12/rear: production weighted pose submitted  ({"sampled":{"clip":"run","phase":0.5,"duration":0.800000011920929},"lod":{"skinned":1,"impostors":0},"palettes":[{"bones":26,"visible":1,"capacity":256,"snapshotCapacity":2,"snapshotBankCapacity":1,"residentSnapshots":0,"snapshotSlotHighWater":0,"allocatedBytes":748480,"uploadedBytes":80,"snapshotUploadedBytes":0}]})
PASS  heavy-kit: run-frames/run frame 12/rear: newly rendered frozen crop is byte-stable
PASS  heavy-kit: run-frames/run frame 12/three-quarter: production weighted pose submitted  ({"sampled":{"clip":"run","phase":0.5,"duration":0.800000011920929},"lod":{"skinned":1,"impostors":0},"palettes":[{"bones":26,"visible":1,"capacity":256,"snapshotCapacity":2,"snapshotBankCapacity":1,"residentSnapshots":0,"snapshotSlotHighWater":0,"allocatedBytes":748480,"uploadedBytes":80,"snapshotUploadedBytes":0}]})
PASS  heavy-kit: run-frames/run frame 12/three-quarter: newly rendered frozen crop is byte-stable
PASS  heavy-kit: run-frames/run frame 13/front: production weighted pose submitted  ({"sampled":{"clip":"run","phase":0.5416666666666666,"duration":0.800000011920929},"lod":{"skinned":1,"impostors":0},"palettes":[{"bones":26,"visible":1,"capacity":256,"snapshotCapacity":2,"snapshotBankCapacity":1,"residentSnapshots":0,"snapshotSlotHighWater":0,"allocatedBytes":748480,"uploadedBytes":80,"snapshotUploadedBytes":0}]})
PASS  heavy-kit: run-frames/run frame 13/front: newly rendered frozen crop is byte-stable
PASS  heavy-kit: run-frames/run frame 13/right side: production weighted pose submitted  ({"sampled":{"clip":"run","phase":0.5416666666666666,"duration":0.800000011920929},"lod":{"skinned":1,"impostors":0},"palettes":[{"bones":26,"visible":1,"capacity":256,"snapshotCapacity":2,"snapshotBankCapacity":1,"residentSnapshots":0,"snapshotSlotHighWater":0,"allocatedBytes":748480,"uploadedBytes":80,"snapshotUploadedBytes":0}]})
PASS  heavy-kit: run-frames/run frame 13/right side: newly rendered frozen crop is byte-stable
PASS  heavy-kit: run-frames/run frame 13/rear: production weighted pose submitted  ({"sampled":{"clip":"run","phase":0.5416666666666666,"duration":0.800000011920929},"lod":{"skinned":1,"impostors":0},"palettes":[{"bones":26,"visible":1,"capacity":256,"snapshotCapacity":2,"snapshotBankCapacity":1,"residentSnapshots":0,"snapshotSlotHighWater":0,"allocatedBytes":748480,"uploadedBytes":80,"snapshotUploadedBytes":0}]})
PASS  heavy-kit: run-frames/run frame 13/rear: newly rendered frozen crop is byte-stable
PASS  heavy-kit: run-frames/run frame 13/three-quarter: production weighted pose submitted  ({"sampled":{"clip":"run","phase":0.5416666666666666,"duration":0.800000011920929},"lod":{"skinned":1,"impostors":0},"palettes":[{"bones":26,"visible":1,"capacity":256,"snapshotCapacity":2,"snapshotBankCapacity":1,"residentSnapshots":0,"snapshotSlotHighWater":0,"allocatedBytes":748480,"uploadedBytes":80,"snapshotUploadedBytes":0}]})
PASS  heavy-kit: run-frames/run frame 13/three-quarter: newly rendered frozen crop is byte-stable
PASS  heavy-kit: run-frames/run frame 14/front: production weighted pose submitted  ({"sampled":{"clip":"run","phase":0.5833333333333334,"duration":0.800000011920929},"lod":{"skinned":1,"impostors":0},"palettes":[{"bones":26,"visible":1,"capacity":256,"snapshotCapacity":2,"snapshotBankCapacity":1,"residentSnapshots":0,"snapshotSlotHighWater":0,"allocatedBytes":748480,"uploadedBytes":80,"snapshotUploadedBytes":0}]})
PASS  heavy-kit: run-frames/run frame 14/front: newly rendered frozen crop is byte-stable
PASS  heavy-kit: run-frames/run frame 14/right side: production weighted pose submitted  ({"sampled":{"clip":"run","phase":0.5833333333333334,"duration":0.800000011920929},"lod":{"skinned":1,"impostors":0},"palettes":[{"bones":26,"visible":1,"capacity":256,"snapshotCapacity":2,"snapshotBankCapacity":1,"residentSnapshots":0,"snapshotSlotHighWater":0,"allocatedBytes":748480,"uploadedBytes":80,"snapshotUploadedBytes":0}]})
PASS  heavy-kit: run-frames/run frame 14/right side: newly rendered frozen crop is byte-stable
PASS  heavy-kit: run-frames/run frame 14/rear: production weighted pose submitted  ({"sampled":{"clip":"run","phase":0.5833333333333334,"duration":0.800000011920929},"lod":{"skinned":1,"impostors":0},"palettes":[{"bones":26,"visible":1,"capacity":256,"snapshotCapacity":2,"snapshotBankCapacity":1,"residentSnapshots":0,"snapshotSlotHighWater":0,"allocatedBytes":748480,"uploadedBytes":80,"snapshotUploadedBytes":0}]})
PASS  heavy-kit: run-frames/run frame 14/rear: newly rendered frozen crop is byte-stable
PASS  heavy-kit: run-frames/run frame 14/three-quarter: production weighted pose submitted  ({"sampled":{"clip":"run","phase":0.5833333333333334,"duration":0.800000011920929},"lod":{"skinned":1,"impostors":0},"palettes":[{"bones":26,"visible":1,"capacity":256,"snapshotCapacity":2,"snapshotBankCapacity":1,"residentSnapshots":0,"snapshotSlotHighWater":0,"allocatedBytes":748480,"uploadedBytes":80,"snapshotUploadedBytes":0}]})
PASS  heavy-kit: run-frames/run frame 14/three-quarter: newly rendered frozen crop is byte-stable
PASS  heavy-kit: run-frames/run frame 15/front: production weighted pose submitted  ({"sampled":{"clip":"run","phase":0.625,"duration":0.800000011920929},"lod":{"skinned":1,"impostors":0},"palettes":[{"bones":26,"visible":1,"capacity":256,"snapshotCapacity":2,"snapshotBankCapacity":1,"residentSnapshots":0,"snapshotSlotHighWater":0,"allocatedBytes":748480,"uploadedBytes":80,"snapshotUploadedBytes":0}]})
PASS  heavy-kit: run-frames/run frame 15/front: newly rendered frozen crop is byte-stable
PASS  heavy-kit: run-frames/run frame 15/right side: production weighted pose submitted  ({"sampled":{"clip":"run","phase":0.625,"duration":0.800000011920929},"lod":{"skinned":1,"impostors":0},"palettes":[{"bones":26,"visible":1,"capacity":256,"snapshotCapacity":2,"snapshotBankCapacity":1,"residentSnapshots":0,"snapshotSlotHighWater":0,"allocatedBytes":748480,"uploadedBytes":80,"snapshotUploadedBytes":0}]})
PASS  heavy-kit: run-frames/run frame 15/right side: newly rendered frozen crop is byte-stable
PASS  heavy-kit: run-frames/run frame 15/rear: production weighted pose submitted  ({"sampled":{"clip":"run","phase":0.625,"duration":0.800000011920929},"lod":{"skinned":1,"impostors":0},"palettes":[{"bones":26,"visible":1,"capacity":256,"snapshotCapacity":2,"snapshotBankCapacity":1,"residentSnapshots":0,"snapshotSlotHighWater":0,"allocatedBytes":748480,"uploadedBytes":80,"snapshotUploadedBytes":0}]})
PASS  heavy-kit: run-frames/run frame 15/rear: newly rendered frozen crop is byte-stable
PASS  heavy-kit: run-frames/run frame 15/three-quarter: production weighted pose submitted  ({"sampled":{"clip":"run","phase":0.625,"duration":0.800000011920929},"lod":{"skinned":1,"impostors":0},"palettes":[{"bones":26,"visible":1,"capacity":256,"snapshotCapacity":2,"snapshotBankCapacity":1,"residentSnapshots":0,"snapshotSlotHighWater":0,"allocatedBytes":748480,"uploadedBytes":80,"snapshotUploadedBytes":0}]})
PASS  heavy-kit: run-frames/run frame 15/three-quarter: newly rendered frozen crop is byte-stable
PASS  heavy-kit: run-frames/run frame 16/front: production weighted pose submitted  ({"sampled":{"clip":"run","phase":0.6666666666666666,"duration":0.800000011920929},"lod":{"skinned":1,"impostors":0},"palettes":[{"bones":26,"visible":1,"capacity":256,"snapshotCapacity":2,"snapshotBankCapacity":1,"residentSnapshots":0,"snapshotSlotHighWater":0,"allocatedBytes":748480,"uploadedBytes":80,"snapshotUploadedBytes":0}]})
PASS  heavy-kit: run-frames/run frame 16/front: newly rendered frozen crop is byte-stable
PASS  heavy-kit: run-frames/run frame 16/right side: production weighted pose submitted  ({"sampled":{"clip":"run","phase":0.6666666666666666,"duration":0.800000011920929},"lod":{"skinned":1,"impostors":0},"palettes":[{"bones":26,"visible":1,"capacity":256,"snapshotCapacity":2,"snapshotBankCapacity":1,"residentSnapshots":0,"snapshotSlotHighWater":0,"allocatedBytes":748480,"uploadedBytes":80,"snapshotUploadedBytes":0}]})
PASS  heavy-kit: run-frames/run frame 16/right side: newly rendered frozen crop is byte-stable
PASS  heavy-kit: run-frames/run frame 16/rear: production weighted pose submitted  ({"sampled":{"clip":"run","phase":0.6666666666666666,"duration":0.800000011920929},"lod":{"skinned":1,"impostors":0},"palettes":[{"bones":26,"visible":1,"capacity":256,"snapshotCapacity":2,"snapshotBankCapacity":1,"residentSnapshots":0,"snapshotSlotHighWater":0,"allocatedBytes":748480,"uploadedBytes":80,"snapshotUploadedBytes":0}]})
PASS  heavy-kit: run-frames/run frame 16/rear: newly rendered frozen crop is byte-stable
PASS  heavy-kit: run-frames/run frame 16/three-quarter: production weighted pose submitted  ({"sampled":{"clip":"run","phase":0.6666666666666666,"duration":0.800000011920929},"lod":{"skinned":1,"impostors":0},"palettes":[{"bones":26,"visible":1,"capacity":256,"snapshotCapacity":2,"snapshotBankCapacity":1,"residentSnapshots":0,"snapshotSlotHighWater":0,"allocatedBytes":748480,"uploadedBytes":80,"snapshotUploadedBytes":0}]})
PASS  heavy-kit: run-frames/run frame 16/three-quarter: newly rendered frozen crop is byte-stable
PASS  heavy-kit: run-frames/run frame 17/front: production weighted pose submitted  ({"sampled":{"clip":"run","phase":0.7083333333333334,"duration":0.800000011920929},"lod":{"skinned":1,"impostors":0},"palettes":[{"bones":26,"visible":1,"capacity":256,"snapshotCapacity":2,"snapshotBankCapacity":1,"residentSnapshots":0,"snapshotSlotHighWater":0,"allocatedBytes":748480,"uploadedBytes":80,"snapshotUploadedBytes":0}]})
PASS  heavy-kit: run-frames/run frame 17/front: newly rendered frozen crop is byte-stable
PASS  heavy-kit: run-frames/run frame 17/right side: production weighted pose submitted  ({"sampled":{"clip":"run","phase":0.7083333333333334,"duration":0.800000011920929},"lod":{"skinned":1,"impostors":0},"palettes":[{"bones":26,"visible":1,"capacity":256,"snapshotCapacity":2,"snapshotBankCapacity":1,"residentSnapshots":0,"snapshotSlotHighWater":0,"allocatedBytes":748480,"uploadedBytes":80,"snapshotUploadedBytes":0}]})
PASS  heavy-kit: run-frames/run frame 17/right side: newly rendered frozen crop is byte-stable
PASS  heavy-kit: run-frames/run frame 17/rear: production weighted pose submitted  ({"sampled":{"clip":"run","phase":0.7083333333333334,"duration":0.800000011920929},"lod":{"skinned":1,"impostors":0},"palettes":[{"bones":26,"visible":1,"capacity":256,"snapshotCapacity":2,"snapshotBankCapacity":1,"residentSnapshots":0,"snapshotSlotHighWater":0,"allocatedBytes":748480,"uploadedBytes":80,"snapshotUploadedBytes":0}]})
PASS  heavy-kit: run-frames/run frame 17/rear: newly rendered frozen crop is byte-stable
PASS  heavy-kit: run-frames/run frame 17/three-quarter: production weighted pose submitted  ({"sampled":{"clip":"run","phase":0.7083333333333334,"duration":0.800000011920929},"lod":{"skinned":1,"impostors":0},"palettes":[{"bones":26,"visible":1,"capacity":256,"snapshotCapacity":2,"snapshotBankCapacity":1,"residentSnapshots":0,"snapshotSlotHighWater":0,"allocatedBytes":748480,"uploadedBytes":80,"snapshotUploadedBytes":0}]})
PASS  heavy-kit: run-frames/run frame 17/three-quarter: newly rendered frozen crop is byte-stable
PASS  heavy-kit: run-frames/run frame 18/front: production weighted pose submitted  ({"sampled":{"clip":"run","phase":0.75,"duration":0.800000011920929},"lod":{"skinned":1,"impostors":0},"palettes":[{"bones":26,"visible":1,"capacity":256,"snapshotCapacity":2,"snapshotBankCapacity":1,"residentSnapshots":0,"snapshotSlotHighWater":0,"allocatedBytes":748480,"uploadedBytes":80,"snapshotUploadedBytes":0}]})
PASS  heavy-kit: run-frames/run frame 18/front: newly rendered frozen crop is byte-stable
PASS  heavy-kit: run-frames/run frame 18/right side: production weighted pose submitted  ({"sampled":{"clip":"run","phase":0.75,"duration":0.800000011920929},"lod":{"skinned":1,"impostors":0},"palettes":[{"bones":26,"visible":1,"capacity":256,"snapshotCapacity":2,"snapshotBankCapacity":1,"residentSnapshots":0,"snapshotSlotHighWater":0,"allocatedBytes":748480,"uploadedBytes":80,"snapshotUploadedBytes":0}]})
PASS  heavy-kit: run-frames/run frame 18/right side: newly rendered frozen crop is byte-stable
PASS  heavy-kit: run-frames/run frame 18/rear: production weighted pose submitted  ({"sampled":{"clip":"run","phase":0.75,"duration":0.800000011920929},"lod":{"skinned":1,"impostors":0},"palettes":[{"bones":26,"visible":1,"capacity":256,"snapshotCapacity":2,"snapshotBankCapacity":1,"residentSnapshots":0,"snapshotSlotHighWater":0,"allocatedBytes":748480,"uploadedBytes":80,"snapshotUploadedBytes":0}]})
PASS  heavy-kit: run-frames/run frame 18/rear: newly rendered frozen crop is byte-stable
PASS  heavy-kit: run-frames/run frame 18/three-quarter: production weighted pose submitted  ({"sampled":{"clip":"run","phase":0.75,"duration":0.800000011920929},"lod":{"skinned":1,"impostors":0},"palettes":[{"bones":26,"visible":1,"capacity":256,"snapshotCapacity":2,"snapshotBankCapacity":1,"residentSnapshots":0,"snapshotSlotHighWater":0,"allocatedBytes":748480,"uploadedBytes":80,"snapshotUploadedBytes":0}]})
PASS  heavy-kit: run-frames/run frame 18/three-quarter: newly rendered frozen crop is byte-stable
PASS  heavy-kit: run-frames/run frame 19/front: production weighted pose submitted  ({"sampled":{"clip":"run","phase":0.7916666666666666,"duration":0.800000011920929},"lod":{"skinned":1,"impostors":0},"palettes":[{"bones":26,"visible":1,"capacity":256,"snapshotCapacity":2,"snapshotBankCapacity":1,"residentSnapshots":0,"snapshotSlotHighWater":0,"allocatedBytes":748480,"uploadedBytes":80,"snapshotUploadedBytes":0}]})
PASS  heavy-kit: run-frames/run frame 19/front: newly rendered frozen crop is byte-stable
PASS  heavy-kit: run-frames/run frame 19/right side: production weighted pose submitted  ({"sampled":{"clip":"run","phase":0.7916666666666666,"duration":0.800000011920929},"lod":{"skinned":1,"impostors":0},"palettes":[{"bones":26,"visible":1,"capacity":256,"snapshotCapacity":2,"snapshotBankCapacity":1,"residentSnapshots":0,"snapshotSlotHighWater":0,"allocatedBytes":748480,"uploadedBytes":80,"snapshotUploadedBytes":0}]})
PASS  heavy-kit: run-frames/run frame 19/right side: newly rendered frozen crop is byte-stable
PASS  heavy-kit: run-frames/run frame 19/rear: production weighted pose submitted  ({"sampled":{"clip":"run","phase":0.7916666666666666,"duration":0.800000011920929},"lod":{"skinned":1,"impostors":0},"palettes":[{"bones":26,"visible":1,"capacity":256,"snapshotCapacity":2,"snapshotBankCapacity":1,"residentSnapshots":0,"snapshotSlotHighWater":0,"allocatedBytes":748480,"uploadedBytes":80,"snapshotUploadedBytes":0}]})
PASS  heavy-kit: run-frames/run frame 19/rear: newly rendered frozen crop is byte-stable
PASS  heavy-kit: run-frames/run frame 19/three-quarter: production weighted pose submitted  ({"sampled":{"clip":"run","phase":0.7916666666666666,"duration":0.800000011920929},"lod":{"skinned":1,"impostors":0},"palettes":[{"bones":26,"visible":1,"capacity":256,"snapshotCapacity":2,"snapshotBankCapacity":1,"residentSnapshots":0,"snapshotSlotHighWater":0,"allocatedBytes":748480,"uploadedBytes":80,"snapshotUploadedBytes":0}]})
PASS  heavy-kit: run-frames/run frame 19/three-quarter: newly rendered frozen crop is byte-stable
PASS  heavy-kit: run-frames/run frame 20/front: production weighted pose submitted  ({"sampled":{"clip":"run","phase":0.8333333333333334,"duration":0.800000011920929},"lod":{"skinned":1,"impostors":0},"palettes":[{"bones":26,"visible":1,"capacity":256,"snapshotCapacity":2,"snapshotBankCapacity":1,"residentSnapshots":0,"snapshotSlotHighWater":0,"allocatedBytes":748480,"uploadedBytes":80,"snapshotUploadedBytes":0}]})
PASS  heavy-kit: run-frames/run frame 20/front: newly rendered frozen crop is byte-stable
PASS  heavy-kit: run-frames/run frame 20/right side: production weighted pose submitted  ({"sampled":{"clip":"run","phase":0.8333333333333334,"duration":0.800000011920929},"lod":{"skinned":1,"impostors":0},"palettes":[{"bones":26,"visible":1,"capacity":256,"snapshotCapacity":2,"snapshotBankCapacity":1,"residentSnapshots":0,"snapshotSlotHighWater":0,"allocatedBytes":748480,"uploadedBytes":80,"snapshotUploadedBytes":0}]})
PASS  heavy-kit: run-frames/run frame 20/right side: newly rendered frozen crop is byte-stable
PASS  heavy-kit: run-frames/run frame 20/rear: production weighted pose submitted  ({"sampled":{"clip":"run","phase":0.8333333333333334,"duration":0.800000011920929},"lod":{"skinned":1,"impostors":0},"palettes":[{"bones":26,"visible":1,"capacity":256,"snapshotCapacity":2,"snapshotBankCapacity":1,"residentSnapshots":0,"snapshotSlotHighWater":0,"allocatedBytes":748480,"uploadedBytes":80,"snapshotUploadedBytes":0}]})
PASS  heavy-kit: run-frames/run frame 20/rear: newly rendered frozen crop is byte-stable
PASS  heavy-kit: run-frames/run frame 20/three-quarter: production weighted pose submitted  ({"sampled":{"clip":"run","phase":0.8333333333333334,"duration":0.800000011920929},"lod":{"skinned":1,"impostors":0},"palettes":[{"bones":26,"visible":1,"capacity":256,"snapshotCapacity":2,"snapshotBankCapacity":1,"residentSnapshots":0,"snapshotSlotHighWater":0,"allocatedBytes":748480,"uploadedBytes":80,"snapshotUploadedBytes":0}]})
PASS  heavy-kit: run-frames/run frame 20/three-quarter: newly rendered frozen crop is byte-stable
PASS  heavy-kit: run-frames/run frame 21/front: production weighted pose submitted  ({"sampled":{"clip":"run","phase":0.875,"duration":0.800000011920929},"lod":{"skinned":1,"impostors":0},"palettes":[{"bones":26,"visible":1,"capacity":256,"snapshotCapacity":2,"snapshotBankCapacity":1,"residentSnapshots":0,"snapshotSlotHighWater":0,"allocatedBytes":748480,"uploadedBytes":80,"snapshotUploadedBytes":0}]})
PASS  heavy-kit: run-frames/run frame 21/front: newly rendered frozen crop is byte-stable
PASS  heavy-kit: run-frames/run frame 21/right side: production weighted pose submitted  ({"sampled":{"clip":"run","phase":0.875,"duration":0.800000011920929},"lod":{"skinned":1,"impostors":0},"palettes":[{"bones":26,"visible":1,"capacity":256,"snapshotCapacity":2,"snapshotBankCapacity":1,"residentSnapshots":0,"snapshotSlotHighWater":0,"allocatedBytes":748480,"uploadedBytes":80,"snapshotUploadedBytes":0}]})
PASS  heavy-kit: run-frames/run frame 21/right side: newly rendered frozen crop is byte-stable
PASS  heavy-kit: run-frames/run frame 21/rear: production weighted pose submitted  ({"sampled":{"clip":"run","phase":0.875,"duration":0.800000011920929},"lod":{"skinned":1,"impostors":0},"palettes":[{"bones":26,"visible":1,"capacity":256,"snapshotCapacity":2,"snapshotBankCapacity":1,"residentSnapshots":0,"snapshotSlotHighWater":0,"allocatedBytes":748480,"uploadedBytes":80,"snapshotUploadedBytes":0}]})
PASS  heavy-kit: run-frames/run frame 21/rear: newly rendered frozen crop is byte-stable
PASS  heavy-kit: run-frames/run frame 21/three-quarter: production weighted pose submitted  ({"sampled":{"clip":"run","phase":0.875,"duration":0.800000011920929},"lod":{"skinned":1,"impostors":0},"palettes":[{"bones":26,"visible":1,"capacity":256,"snapshotCapacity":2,"snapshotBankCapacity":1,"residentSnapshots":0,"snapshotSlotHighWater":0,"allocatedBytes":748480,"uploadedBytes":80,"snapshotUploadedBytes":0}]})
PASS  heavy-kit: run-frames/run frame 21/three-quarter: newly rendered frozen crop is byte-stable
PASS  heavy-kit: run-frames/run frame 22/front: production weighted pose submitted  ({"sampled":{"clip":"run","phase":0.9166666666666666,"duration":0.800000011920929},"lod":{"skinned":1,"impostors":0},"palettes":[{"bones":26,"visible":1,"capacity":256,"snapshotCapacity":2,"snapshotBankCapacity":1,"residentSnapshots":0,"snapshotSlotHighWater":0,"allocatedBytes":748480,"uploadedBytes":80,"snapshotUploadedBytes":0}]})
PASS  heavy-kit: run-frames/run frame 22/front: newly rendered frozen crop is byte-stable
PASS  heavy-kit: run-frames/run frame 22/right side: production weighted pose submitted  ({"sampled":{"clip":"run","phase":0.9166666666666666,"duration":0.800000011920929},"lod":{"skinned":1,"impostors":0},"palettes":[{"bones":26,"visible":1,"capacity":256,"snapshotCapacity":2,"snapshotBankCapacity":1,"residentSnapshots":0,"snapshotSlotHighWater":0,"allocatedBytes":748480,"uploadedBytes":80,"snapshotUploadedBytes":0}]})
PASS  heavy-kit: run-frames/run frame 22/right side: newly rendered frozen crop is byte-stable
PASS  heavy-kit: run-frames/run frame 22/rear: production weighted pose submitted  ({"sampled":{"clip":"run","phase":0.9166666666666666,"duration":0.800000011920929},"lod":{"skinned":1,"impostors":0},"palettes":[{"bones":26,"visible":1,"capacity":256,"snapshotCapacity":2,"snapshotBankCapacity":1,"residentSnapshots":0,"snapshotSlotHighWater":0,"allocatedBytes":748480,"uploadedBytes":80,"snapshotUploadedBytes":0}]})
PASS  heavy-kit: run-frames/run frame 22/rear: newly rendered frozen crop is byte-stable
PASS  heavy-kit: run-frames/run frame 22/three-quarter: production weighted pose submitted  ({"sampled":{"clip":"run","phase":0.9166666666666666,"duration":0.800000011920929},"lod":{"skinned":1,"impostors":0},"palettes":[{"bones":26,"visible":1,"capacity":256,"snapshotCapacity":2,"snapshotBankCapacity":1,"residentSnapshots":0,"snapshotSlotHighWater":0,"allocatedBytes":748480,"uploadedBytes":80,"snapshotUploadedBytes":0}]})
PASS  heavy-kit: run-frames/run frame 22/three-quarter: newly rendered frozen crop is byte-stable
PASS  heavy-kit: run-frames/run frame 23/front: production weighted pose submitted  ({"sampled":{"clip":"run","phase":0.9583333333333334,"duration":0.800000011920929},"lod":{"skinned":1,"impostors":0},"palettes":[{"bones":26,"visible":1,"capacity":256,"snapshotCapacity":2,"snapshotBankCapacity":1,"residentSnapshots":0,"snapshotSlotHighWater":0,"allocatedBytes":748480,"uploadedBytes":80,"snapshotUploadedBytes":0}]})
PASS  heavy-kit: run-frames/run frame 23/front: newly rendered frozen crop is byte-stable
PASS  heavy-kit: run-frames/run frame 23/right side: production weighted pose submitted  ({"sampled":{"clip":"run","phase":0.9583333333333334,"duration":0.800000011920929},"lod":{"skinned":1,"impostors":0},"palettes":[{"bones":26,"visible":1,"capacity":256,"snapshotCapacity":2,"snapshotBankCapacity":1,"residentSnapshots":0,"snapshotSlotHighWater":0,"allocatedBytes":748480,"uploadedBytes":80,"snapshotUploadedBytes":0}]})
PASS  heavy-kit: run-frames/run frame 23/right side: newly rendered frozen crop is byte-stable
PASS  heavy-kit: run-frames/run frame 23/rear: production weighted pose submitted  ({"sampled":{"clip":"run","phase":0.9583333333333334,"duration":0.800000011920929},"lod":{"skinned":1,"impostors":0},"palettes":[{"bones":26,"visible":1,"capacity":256,"snapshotCapacity":2,"snapshotBankCapacity":1,"residentSnapshots":0,"snapshotSlotHighWater":0,"allocatedBytes":748480,"uploadedBytes":80,"snapshotUploadedBytes":0}]})
PASS  heavy-kit: run-frames/run frame 23/rear: newly rendered frozen crop is byte-stable
PASS  heavy-kit: run-frames/run frame 23/three-quarter: production weighted pose submitted  ({"sampled":{"clip":"run","phase":0.9583333333333334,"duration":0.800000011920929},"lod":{"skinned":1,"impostors":0},"palettes":[{"bones":26,"visible":1,"capacity":256,"snapshotCapacity":2,"snapshotBankCapacity":1,"residentSnapshots":0,"snapshotSlotHighWater":0,"allocatedBytes":748480,"uploadedBytes":80,"snapshotUploadedBytes":0}]})
PASS  heavy-kit: run-frames/run frame 23/three-quarter: newly rendered frozen crop is byte-stable
PASS  heavy-kit: run-frames/run frame 24/front: production weighted pose submitted  ({"sampled":{"clip":"run","phase":1,"duration":0.800000011920929},"lod":{"skinned":1,"impostors":0},"palettes":[{"bones":26,"visible":1,"capacity":256,"snapshotCapacity":2,"snapshotBankCapacity":1,"residentSnapshots":0,"snapshotSlotHighWater":0,"allocatedBytes":748480,"uploadedBytes":80,"snapshotUploadedBytes":0}]})
PASS  heavy-kit: run-frames/run frame 24/front: newly rendered frozen crop is byte-stable
PASS  heavy-kit: run-frames/run frame 24/right side: production weighted pose submitted  ({"sampled":{"clip":"run","phase":1,"duration":0.800000011920929},"lod":{"skinned":1,"impostors":0},"palettes":[{"bones":26,"visible":1,"capacity":256,"snapshotCapacity":2,"snapshotBankCapacity":1,"residentSnapshots":0,"snapshotSlotHighWater":0,"allocatedBytes":748480,"uploadedBytes":80,"snapshotUploadedBytes":0}]})
PASS  heavy-kit: run-frames/run frame 24/right side: newly rendered frozen crop is byte-stable
PASS  heavy-kit: run-frames/run frame 24/rear: production weighted pose submitted  ({"sampled":{"clip":"run","phase":1,"duration":0.800000011920929},"lod":{"skinned":1,"impostors":0},"palettes":[{"bones":26,"visible":1,"capacity":256,"snapshotCapacity":2,"snapshotBankCapacity":1,"residentSnapshots":0,"snapshotSlotHighWater":0,"allocatedBytes":748480,"uploadedBytes":80,"snapshotUploadedBytes":0}]})
PASS  heavy-kit: run-frames/run frame 24/rear: newly rendered frozen crop is byte-stable
PASS  heavy-kit: run-frames/run frame 24/three-quarter: production weighted pose submitted  ({"sampled":{"clip":"run","phase":1,"duration":0.800000011920929},"lod":{"skinned":1,"impostors":0},"palettes":[{"bones":26,"visible":1,"capacity":256,"snapshotCapacity":2,"snapshotBankCapacity":1,"residentSnapshots":0,"snapshotSlotHighWater":0,"allocatedBytes":748480,"uploadedBytes":80,"snapshotUploadedBytes":0}]})
PASS  heavy-kit: run-frames/run frame 24/three-quarter: newly rendered frozen crop is byte-stable
FAIL  heavy-kit: snapshot shared/soldiers/heavy-kit/run-frames  (7698824 px differ (18.7960%) — see shots/diff/shared/soldiers/heavy-kit/run-frames.png)
PASS  runner: no page errors

10 FAILURE(S)
